geometry,intersection_length_m,intersection_length_km
"MULTILINESTRING ((276838.7051852795 2109349.4058286007, 277088.7093357463 2109524.462745096), (277150.25687439716 2109567.5593189485, 277231.20574793644 2109624.241018709), (277249.366605979 2109627.555887614, 277568.0721111124 2109557.3789191777, 277903.22769886936 2109462.064835975, 278316.29255688714 2109349.847667131, 278729.4435595452 2109244.484936206, 278952.07237836614 2109173.359831942, 279113.76772056223 2109086.993769563, 279441.6105665848 2108923.3407145445, 279769.00487056345 2108767.115589095, 280021.99014522 2108638.0706759416), (280040.03587791655 2108628.473150809, 280238.3121193834 2108501.958938236, 280426.63494128303 2108373.074300794, 280582.8313062398 2108256.5534892157, 280769.51816787716 2108126.5514407973, 280934.18647462514 2108015.067672305, 281060.1635008977 2107934.278917576, 281172.05307351984 2107854.7990346667, 281337.7972986081 2107742.165756889, 281540.83348779933 2107617.6837521694, 281723.2043043807 2107534.5217030533, 281866.9149177128 2107484.9049307485, 282011.724450625 2107436.4173100623, 282037.50220820616 2107427.8054887764), (282039.94599062874 2107426.989071079, 282114.3892225154 2107402.1191107295, 282229.36369720974 2107399.6220509196, 282359.2372797288 2107434.6165105603), (282366.408624153 2107437.602558496, 282450.6513453295 2107488.2872136394, 282518.6469226541 2107550.2366620135, 282564.60028192383 2107585.834281998), (282603.92707407736 2107603.688499348, 282784.6618000853 2107660.0561068743, 283095.01452272595 2107757.9490115265, 283542.9415291692 2107915.2128944565), (284277.9187627181 2108173.2580043753, 284538.434739602 2108264.723250946, 284952.4695826395 2108375.8214425235), (285306.4029241975 2108470.7925659623, 285654.9917391253 2108564.3295897027, 286656.43178331305 2108800.0631860825), (286830.33016016666 2108840.9979280257, 287040.8482735909 2108890.5527588604, 287529.5239370198 2108997.450284752), (287550.0243896444 2109001.9347472065, 287575.9265063603 2109007.6008206364, 287778.41172163223 2109029.8113347515), (287879.2856423158 2109017.088690324, 287968.467656229 2108999.4745624536), (288501.28799496655 2108756.835565091, 288514.5908586274 2108750.3892764687, 288524.8395923886 2108749.3600215283), (288783.744314975 2108723.3588616787, 288822.32532971306 2108719.4842659533, 288867.9724147424 2108736.814481028), (289015.7531971564 2108792.92042386, 289184.0533739007 2108856.8166892664, 289436.12485627417 2109003.893334605), (290232.83664713486 2109242.8937463616, 290588.77942953573 2109318.592242583), (290853.34046110197 2109369.673298949, 290926.8715186287 2109383.378791968), (291033.43289289693 2109369.6159383245, 291064.6630428205 2109361.8512415187), (291221.5709141266 2109286.582701648, 291260.80996125174 2109261.422821082), (291406.4342200998 2109077.392724126, 291458.7378521348 2108874.316294218), (291493.6703388487 2107688.069780611, 291510.317083626 2107411.1643021186), (291508.9251707795 2106965.9993928685, 291499.17281546025 2106851.2691944353), (291402.5921263071 2105601.0712614553, 291397.9333565964 2105477.542552825, 291389.7393650197 2105450.6704680216), (291343.61672154634 2105299.4118811437, 291317.57322851836 2105214.0025971974), (292171.8960082623 2103830.6867153035, 292201.4883148092 2103805.4872119566), (292252.06979020394 2103789.753329206, 292289.1102800526 2103790.712173257), (292865.59554839047 2103805.6352877324, 292958.9808664471 2103808.0526951985, 293275.5421286399 2103872.6301381127), (293947.8489790372 2104311.686368146, 294012.56202667207 2104363.143285546), (294050.8238782891 2104386.623921147, 294088.5328005963 2104393.230837632), (294240.4221638722 2104419.843116019, 294272.27471459133 2104425.4239475452, 294633.8956599999 2104355.2367989337, 294711.8820508817 2104361.956406379), (294799.0572153724 2104369.4677539077, 294868.486944066 2104375.4500864223, 295276.5615672041 2104580.8408272397, 295768.3842093408 2104843.9289023476), (295851.9125014226 2104888.610248219, 296000.4464274902 2104968.0647127954), (296339.2352406984 2105125.386841848, 296369.8928454345 2105139.1801361805, 296429.656903559 2105132.1135539506), (296783.382400208 2105015.580571411, 296821.8280426914 2104995.0282014813, 296921.6699266963 2104887.7135257768), (296995.3667385551 2104808.5007831096, 297083.477065012 2104713.7957281703, 297375.61338226165 2104408.360548547), (298455.3807661017 2103235.6717563104, 298581.2153822934 2103091.107131692), (298672.42090431997 2103002.3615243756, 298694.8687582362 2102995.439295659), (299714.07824327686 2102681.1463930085, 299834.31261043856 2102644.0698068817, 300035.3593189107 2102595.423876198), (300569.69562263874 2102316.719189032, 300906.1675030886 2102119.155830747, 301260.6076734114 2101901.0150527516), (301330.10055583494 2101834.2358005145, 301529.57404932054 2101608.766377442), (301727.9722772082 2101387.8229269036, 301750.8647333889 2101362.4292669236), (302059.0670059555 2101049.126915361, 302091.2889122858 2101018.1464057867, 302212.4208703197 2100893.5257421937), (302848.2749848848 2100254.010183283, 303011.26351040765 2100098.604367455), (326821.4125954358 2077207.7514304044, 326837.31593062857 2077200.079179945), (327545.86712473095 2076826.3890434634, 327556.2947952601 2076824.3665548933), (329719.3720549137 2074942.6234560162, 329724.893310021 2074940.2459201487, 329758.7583115286 2074948.8060937882), (330325.7808189208 2074959.061809901, 330363.9237428582 2074957.2731680167, 330383.5457251018 2074948.2805069254), (330951.2663645416 2074688.0968393595, 331109.9162744873 2074615.3883405644), (331299.7803406178 2074485.5505318514, 331327.60759651434 2074464.5097231104), (331735.52101703413 2074156.0772892425, 332068.6459877654 2073904.1940700684), (332094.2581348999 2073888.200393385, 332153.2669016514 2073863.2476132307), (332405.94143032987 2073756.4002359367, 332447.8558656381 2073738.676061257, 332833.9575637474 2073657.6777142878, 334488.106116492 2073298.8621457277))",20616.13119693101,20.61613119693101
"LINESTRING (289436.12485627417 2109003.893334605, 289498.5710790231 2109040.328955443, 289708.93767975055 2109115.3483628966)",295.64141028135253,0.29564141028135255
"MULTILINESTRING ((289722.0329262291 2109120.0182944727, 289820.97962053964 2109155.303945099, 290232.83664713486 2109242.8937463616), (290926.8715186287 2109383.378791968, 290956.1376401766 2109388.833719968, 291033.43289289693 2109369.6159383245), (291064.6630428205 2109361.8512415187, 291129.2125763411 2109345.8024054426, 291221.5709141266 2109286.582701648), (291260.80996125174 2109261.422821082, 291288.6015914017 2109243.6029669694, 291395.67179675086 2109119.179392199, 291406.4342200998 2109077.392724126), (291458.7378521348 2108874.316294218, 291474.64952267444 2108812.536927827, 291477.9231123782 2107950.0124810655, 291493.6703388487 2107688.069780611), (291510.317083626 2107411.1643021186, 291525.4160816622 2107160.0043707383, 291508.9251707795 2106965.9993928685), (291317.57322851836 2105214.0025971974, 291217.65848782164 2104886.3335533626, 291361.49664911255 2104556.1443937607, 292014.5515550544 2103964.6743133604, 292171.8960082623 2103830.6867153035), (292289.1102800526 2103790.712173257, 292483.2876078778 2103795.7387205963))",4671.856630919958,4.671856630919958
"LINESTRING (290588.77942953573 2109318.592242583, 290656.1079363957 2109332.9110235055, 290853.34046110197 2109369.673298949)",269.46360386599616,0.26946360386599616
"MULTILINESTRING ((291499.17281546025 2106851.2691944353, 291414.7065076275 2105857.5773178325), (291389.7393650197 2105450.6704680216, 291343.61672154634 2105299.4118811437))",1155.40964427589,1.15540964427589
"LINESTRING (291414.7065076275 2105857.5773178325, 291410.31963853625 2105805.968619743, 291402.5921263071 2105601.0712614553)",256.8378344183364,0.2568378344183364
"MULTILINESTRING ((292491.2925789461 2103795.945940288, 292865.59554839047 2103805.6352877324), (294012.56202667207 2104363.143285546, 294039.6237654858 2104384.66156833, 294050.8238782891 2104386.623921147))",420.37326713029165,0.42037326713029166
"MULTILINESTRING ((293275.5421286399 2103872.6301381127, 293298.29795165936 2103877.272250201, 293739.66388301546 2104146.1469030553, 293947.8489790372 2104311.686368146), (294088.5328005963 2104393.230837632, 294240.4221638722 2104419.843116019))",960.2203989769162,0.9602203989769161
"MULTILINESTRING ((294711.8820508817 2104361.956406379, 294799.0572153724 2104369.4677539077), (295768.3842093408 2104843.9289023476, 295851.9125014226 2104888.610248219))",182.22619188598827,0.18222619188598826
"LINESTRING (297818.5810299717 2103945.22777437, 298031.78492941096 2103722.318237019, 298455.3807661017 2103235.6717563104)",953.6358988663717,0.9536358988663717
"LINESTRING (300082.6683884257 2102583.570601741, 300292.6175414667 2102479.4087907616, 300569.69562263874 2102316.719189032)",555.6780198659942,0.5556780198659942
"MULTILINESTRING ((301260.6076734114 2101901.0150527516, 301283.4680204431 2101886.945615074, 301330.10055583494 2101834.2358005145), (301529.57404932054 2101608.766377442, 301570.80377855664 2101562.1634774683, 301727.9722772082 2101387.8229269036))",394.16965849792905,0.39416965849792907
"MULTILINESTRING ((301750.8647333889 2101362.4292669236, 301865.72069793864 2101235.0242699487, 302059.0670059555 2101049.126915361), (302292.17166345724 2100811.4780569733, 302653.7587831239 2100439.4769143276, 302759.45967131277 2100338.693545007))",1104.5768449625257,1.1045768449625257
"LINESTRING (302212.4208703197 2100893.5257421937, 302292.17166345724 2100811.4780569733)",114.42032885849544,0.11442032885849544
"MULTILINESTRING ((303102.35884985444 2100011.7470534234, 303370.9176366636 2099755.6824180265), (303674.5472765609 2099466.178529661, 303689.4395249911 2099451.979112804, 303695.42935431784 2099450.3945600423), (305753.1270735894 2098885.0563313165, 305888.3177016217 2098844.762488623, 306141.9410716317 2098777.4198720395), (310301.71259508183 2094052.0109230692, 310469.33076179127 2093883.1273063668), (311292.3742242013 2091983.591561085, 311328.89530835405 2091887.895539539), (312122.36450083036 2091169.3535427689, 312290.0142869115 2091129.7420007898), (312305.60937893036 2091127.0128227298, 312517.73090287775 2091111.211013087))",1526.6695125228846,1.5266695125228846
"MULTILINESTRING ((303374.9776155759 2099751.811321377, 303518.0814824342 2099615.3650709065), (303576.01382380514 2099560.127913906, 303674.5472765609 2099466.178529661))",333.8723449553545,0.3338723449553545
"LINESTRING (303518.0814824342 2099615.3650709065, 303576.01382380514 2099560.127913906)",80.04561006227213,0.08004561006227214
"LINESTRING (303695.42935431784 2099450.3945600423, 304084.6724751413 2099347.423969671)",402.63277262261806,0.40263277262261804
"LINESTRING (305703.1505471194 2098899.951937064, 305753.1270735894 2098885.0563313165)",52.14913487871282,0.052149134878712824
"MULTILINESTRING ((307441.48701611767 2098120.8775165468, 307480.0797226719 2098073.965604988), (307536.64894633525 2098005.2020832137, 307602.37662117364 2097925.30587628))",164.20426574688287,0.16420426574688288
"LINESTRING (311075.1994360659 2092591.7012676033, 311135.8694959798 2092414.5392929586, 311199.11392357736 2092227.9610792683, 311219.3025403317 2092175.060943669)",440.88983682748966,0.44088983682748967
"LINESTRING (311838.666607734 2091279.5578554482, 311887.34327466827 2091252.8579617834)",55.51848543991582,0.05551848543991582
"LINESTRING (312517.73090287775 2091111.211013087, 312826.8267596709 2091088.1851843102)",309.9523148446612,0.3099523148446612
"LINESTRING (312971.4743306924 2091077.4097884898, 313078.6446975252 2091069.4262246133, 313177.5357592575 2091064.309761725)",206.49065178664864,0.20649065178664863
"LINESTRING (313177.5357592575 2091064.309761725, 313625.54810072866 2091041.1303309603, 314291.6376688435 2090988.847736928, 314688.8942366591 2090941.992575333)",1516.760103047323,1.516760103047323
"LINESTRING (314688.8942366591 2090941.992575333, 314836.59829519247 2090924.571346607)",148.72789959367844,0.14872789959367844
"LINESTRING (315871.2846030068 2090392.3241532478, 315882.34581994585 2090382.3403745762)",14.900548873664492,0.014900548873664493
"LINESTRING (315882.34581994585 2090382.3403745762, 315988.8396647499 2090286.2197594333)",143.45769981633708,0.14345769981633708
"MULTILINESTRING ((315988.8396647499 2090286.2197594333, 316019.7150955823 2090258.351806972), (316357.7370159666 2089961.2880633427, 316434.8176919946 2089917.3430167981), (323007.4728024384 2080133.1344238091, 323096.62740996317 2079956.9891336653, 323116.214024849 2079935.4786562033), (323547.2441651128 2079519.691814135, 323611.2440795401 2079466.2272931566, 323669.6263936397 2079398.1704811882), (323856.112660301 2079183.2989849553, 324101.8274459788 2079044.9905315754), (324682.70678892115 2078718.023949971, 324895.6877876141 2078598.1407591924, 324896.4251526788 2078597.7634483015))",1057.0927287327768,1.0570927287327767
"LINESTRING (317349.2626249944 2089088.8022393293, 317417.81903751753 2088947.6511404258)",156.91913337674887,0.15691913337674887
"LINESTRING (317901.5512998295 2087641.8130851504, 317922.69505375804 2087553.9556418725)",90.36586008847623,0.09036586008847622
"LINESTRING (319486.70797767554 2083469.5753866266, 319556.9366696093 2083384.099873161)",110.62609354464671,0.11062609354464671
"LINESTRING (319641.0396094072 2083281.7379785383, 319671.7780579784 2083244.326137275)",48.420017423305396,0.04842001742330539
"LINESTRING (319836.0591970721 2083042.0396524859, 319912.4960161056 2082933.9384820084)",132.39505414686334,0.13239505414686334
"LINESTRING (320280.68394718115 2082413.2267777768, 320347.6391623441 2082318.5350150869)",115.97211198753551,0.11597211198753551
"LINESTRING (320347.6391623441 2082318.5350150869, 320465.74574684555 2082151.5021611934)",204.5706224813233,0.20457062248132332
"LINESTRING (321265.8511088604 2081444.9026768992, 321438.79721804336 2081375.2248013492)",186.45472110591533,0.18645472110591532
"LINESTRING (321597.24683185626 2081311.3873867674, 321675.3416218958 2081279.9239494738, 321790.5481441725 2081168.7768893284)",244.27657064036507,0.24427657064036506
"LINESTRING (321881.90334494 2081080.6407161881, 321933.09523845837 2081031.2526402755)",71.13221495459106,0.07113221495459106
"LINESTRING (322039.9411743147 2080928.1715696538, 322106.8331356036 2080863.6366397063)",92.94779001351064,0.09294779001351064
"LINESTRING (322106.8331356036 2080863.6366397063, 322133.29870858754 2080838.1036180153)",36.77447144478654,0.036774471444786544
"LINESTRING (322216.349365858 2080757.9793662254, 322286.7056280527 2080690.1022048355, 322498.7815056205 2080567.7370738375)",342.6071812027859,0.3426071812027859
"LINESTRING (323289.646035855 2079745.0115752039, 323328.1728005607 2079702.7005832982, 323547.2441651128 2079519.691814135)",342.6783751355435,0.3426783751355435
"LINESTRING (323669.6263936397 2079398.1704811882, 323768.5893978969 2079282.8083775025)",151.9937208519004,0.1519937208519004
"LINESTRING (324101.8274459788 2079044.9905315754, 324589.1327927174 2078770.6950770088)",559.1998724570043,0.5591998724570043
"LINESTRING (324998.43434110977 2078545.5651823203, 325258.9653369122 2078412.2510522464, 326048.8545935217 2077839.1590899124, 326238.85703732044 2077709.6485896118, 326339.8312896922 2077649.1412196413)",1616.2064110104552,1.6162064110104553
"MULTILINESTRING ((326391.97342980216 2077615.4778050208, 326494.65101891384 2077513.7970082276), (326559.83081812377 2077449.2499734184, 326618.32118102215 2077391.327433985, 326644.10593818454 2077356.530068419), (326686.78964282887 2077298.9270254709, 326712.97294662974 2077263.591808298))",314.1106154950428,0.31411061549504277
"LINESTRING (329201.78674200096 2075189.8809348047, 329372.7769826803 2075119.3988366416, 329383.060106398 2075113.9047727978)",196.6057779648201,0.1966057779648201
"MULTILINESTRING ((329383.060106398 2075113.9047727978, 329430.79866980773 2075088.3990293704), (334488.106116492 2073298.8621457277, 334521.35879754456 2073291.6490211033))",88.15099822699486,0.08815099822699486
"LINESTRING (329430.79866980773 2075088.3990293704, 329570.9176112441 2075013.5363289805)",158.8639092396855,0.15886390923968552
"MULTILINESTRING ((329570.9176112441 2075013.5363289805, 329638.3094678535 2074977.5302307443, 329719.3720549137 2074942.6234560162), (331109.9162744873 2074615.3883405644, 331155.9921608673 2074594.2719810877, 331299.7803406178 2074485.5505318514), (331327.60759651434 2074464.5097231104, 331523.6424300255 2074316.2834138467))",641.3808425168536,0.6413808425168536
"MULTILINESTRING ((329758.7583115286 2074948.8060937882, 329881.71224300424 2074979.8855845968, 330325.7808189208 2074959.061809901), (330383.5457251018 2074948.2805069254, 330951.2663645416 2074688.0968393595))",1195.8793172572182,1.1958793172572182
"LINESTRING (331530.0373791287 2074311.4480502203, 331735.52101703413 2074156.0772892425)",257.61133285175345,0.25761133285175347
"LINESTRING (332153.2669016514 2073863.2476132307, 332405.94143032987 2073756.4002359367)",274.33698160745496,0.27433698160745495
"MULTILINESTRING ((334521.35879754456 2073291.6490211033, 334762.4352226046 2073239.3550633565), (337788.36094317556 2072827.5169788033, 337840.22537470865 2072823.3533598625), (341040.4949705554 2073456.8610587572, 342194.03085308074 2073696.710832104), (343892.74718945846 2074049.9176412146, 343922.0478073312 2074056.0099931406, 343945.0567775763 2074067.9734639907), (344315.16363472596 2074260.4098290182, 344326.0316367159 2074266.0606262344, 344361.5753982591 2074295.2614070459), (344439.85594894545 2074359.572360731, 344544.5870502785 2074445.6136180824))",1726.574437919334,1.726574437919334
"LINESTRING (336945.9515752046 2072895.1446669253, 337112.2541105188 2072881.7940841569)",166.83755965662573,0.16683755965662572
"LINESTRING (338976.06047994253 2073027.612040877, 340448.64951794286 2073333.801169753)",1504.084524712806,1.5040845247128058
"MULTILINESTRING ((344553.8907412933 2074453.2570140052, 344577.6251693652 2074472.7559021849), (366732.833986872 2065704.5705234627, 366753.5338710073 2065684.9816248717), (377509.7869384245 2053208.63633541, 377965.57342281524 2052509.8174367272), (379009.45923144964 2049211.359170692, 379020.8373131653 2049203.9458308008, 378915.99483055994 2049138.4732740254, 378780.7459592516 2048967.0516279035), (378744.65592282946 2048913.3100480903, 378752.95689245994 2048907.7223404362), (379504.8066983435 2046071.5450505132, 379476.0303420146 2045846.2002407468, 379427.86155779636 2045318.4506073126), (379377.69202648907 2044765.6974447698, 379370.0011360412 2044515.9475141726), (379354.75738665974 2044020.9300157614, 379339.4964239981 2043525.3535423449, 379334.7671020719 2043510.4303049755), (379257.31876285933 2043266.0443299916, 379252.8042360838 2043251.7988724539), (379239.016226019 2043097.6359477984, 379259.8679040763 2042982.6984500303), (379296.52659093856 2042780.6304088947, 379325.90202384494 2042618.7087283065), (379419.43459203414 2041664.7949550417, 379427.367597752 2041501.7789809834), (379440.15506488923 2041239.0082878508, 379445.32355254306 2041132.8006183656), (379454.945530932 2040784.775306927, 379454.40073399217 2040698.3962795942), (379451.2199611515 2040194.0761484168, 379451.038146062 2040165.2488745532, 379476.5436538765 2040042.5335394242), (379533.64354987664 2039767.8072754168, 379545.0877605199 2039712.7454372216), (379609.2627895675 2039403.9783954609, 379666.523499567 2039128.478402737, 379684.86787858506 2038900.4035607688), (379681.7276146092 2038865.5884662194, 379498.3985996518 2038428.1521076893), (379476.55282022426 2038388.9706679936, 379285.5877937246 2038090.9043480903, 379283.25783011573 2038089.4140167471), (378244.670670504 2035894.2114237198, 378234.41837693274 2035730.249163755, 378251.30000940314 2035678.3067954946), (379094.60101841093 2034080.3426050774, 379108.1050539987 2034068.744437063), (379187.56558041257 2033885.8628915057, 379179.5938386182 2033811.275764151), (378949.0982923104 2031654.6579119202, 378940.7806152894 2031576.8340622198), (378920.06184678915 2031382.9801386206, 378892.0002617128 2031120.4235890175), (378694.675078501 2029274.162263686, 378674.1074407501 2029081.7223859434), (378647.0666827362 2028828.7171439559, 378643.41172399063 2028794.519740118, 378695.62086827244 2028688.0545127683), (378662.53315656254 2026756.801899789, 378729.28906684706 2026674.532970071), (378897.07980041526 2026467.7503195407, 378995.63137219474 2026346.2969186695), (379305.79340564844 2025964.0581262906, 379394.3095931663 2025854.9721745187), (379535.361298143 2025681.1422805986, 379590.4556295587 2025613.2448965353), (381384.470834427 2021088.4153624654, 381427.48854402424 2021017.1850330497), (383232.9600054968 2018027.617988325, 383317.70943809656 2017887.286714103), (384039.8801133147 2016857.6889839922, 384259.9502732611 2016724.5679945343), (385435.2001088158 2015745.8461833172, 386124.12935795926 2014961.966891437), (386560.8537236948 2014448.716164616, 386561.2563139954 2014423.5611375873), (393764.49829554115 2000704.8201999336, 393788.4017281584 2000641.5655469021), (394104.45335550536 1999805.2113567782, 394166.30373900686 1999641.5392762497), (389570.11459973187 1975978.3066224088, 389514.27517261886 1975895.6908155887), (390521.51170754124 1970414.6292216398, 390713.560098407 1970085.3023858108), (395518.05393113795 1960968.7339798736, 395681.535731043 1960765.321167615), (396690.4341256074 1959458.3233048075, 396726.1644875152 1959411.2154814107), (396815.1942064611 1958981.0323075193, 396790.9944149326 1958386.0519374905))",9684.4548880511,9.6844548880511
"MULTILINESTRING ((344828.4650952757 2074647.3712635755, 345635.08802607254 2074965.3392717624), (346065.45378446864 2075239.8553346214, 346126.59699263854 2075279.8394038193), (346340.2542830203 2075419.5587306086, 346378.25891341676 2075444.411528116, 346425.5664692031 2075451.6113956603), (346772.2739918413 2075504.3777708854, 346961.2722283045 2075533.1419343688), (347292.0797629096 2075607.9880017412, 347357.2487114192 2075627.0743947802), (347732.4570151482 2075736.9637411667, 347770.6597539878 2075748.1523901373), (347956.73866353073 2075727.211088616, 347992.6187484831 2075707.1340520422), (348571.34362185554 2075383.3031451665, 348735.7518992885 2075291.3069583278), (349199.77053266746 2075073.7310112678, 349217.24139021366 2075065.5571818927, 349238.95258970896 2075064.0334907002), (351348.6587651102 2075081.737153828, 351520.2220867772 2075078.4633992107), (352269.007875964 2074877.1824634944, 352306.6214855828 2074858.9195598022), (352540.7147884222 2074697.6303539185, 352560.37446969026 2074683.1753483226, 352578.09488905896 2074680.2772717127), (353186.64116975525 2074580.7528922146, 353497.8446394654 2074529.857285417, 353507.3621610219 2074525.3758524882), (354685.9329041452 2073970.4324561642, 354932.19901161507 2073854.4752674454), (355212.7025400135 2073709.5690289338, 355658.67792788293 2073458.3453766205), (356655.1585987289 2072714.415583218, 356677.9091618042 2072702.083535135, 356716.56566241564 2072696.5382418283), (357713.6996993205 2072553.498892345, 357766.7723168025 2072545.885600251), (358707.96025531 2072558.357175815, 358838.69616526144 2072560.2997426395), (359460.50450654497 2072489.4089873917, 359488.5650087788 2072468.104439215), (359897.3091891645 2072157.7710741733, 359988.83041261975 2072088.2848512237))",3367.9320191859274,3.367932019185927
"LINESTRING (347357.2487114192 2075627.0743947802, 347568.4775539379 2075688.9381627503)",220.1016803644411,0.2201016803644411
"LINESTRING (351634.86919480906 2075076.2757142463, 351703.83673081885 2075074.959682432)",68.98009106255203,0.06898009106255204
"LINESTRING (351830.6580166955 2075072.53969099, 351868.12992377824 2075071.8246557037, 352237.33400586917 2074892.5613873724)",447.901648997904,0.44790164899790397
"MULTILINESTRING ((356464.97401464556 2072817.506017851, 356655.1585987289 2072714.415583218), (356716.56566241564 2072696.5382418283, 356890.64469360514 2072671.566522422))",392.18903639727137,0.3921890363972714
"LINESTRING (359141.8412619134 2072564.8040873758, 359250.5410733812 2072566.4192262285)",108.7118102445429,0.1087118102445429
"LINESTRING (359744.7780981028 2072273.5781951896, 359897.3091891645 2072157.7710741733)",191.51246178399026,0.19151246178399026
"LINESTRING (359988.83041261975 2072088.2848512237, 360093.007564265 2072009.189789858)",130.80102315107214,0.13080102315107214
"LINESTRING (360093.007564265 2072009.189789858, 360275.7092688067 2071870.476047889, 360285.98956264055 2071864.9361564722)",241.07154489523893,0.24107154489523894
"LINESTRING (360285.98956264055 2071864.9361564722, 360353.44564454624 2071828.5851167843)",76.62715623365325,0.07662715623365325
"MULTILINESTRING ((360367.13589747815 2071821.2076511264, 360961.8968990598 2071500.7001422017), (361174.96291233966 2071385.8821615821, 361288.8446961159 2071324.5130288836), (361385.8145452955 2071272.2574762856, 361527.13173331885 2071196.1038283815))",965.517323756898,0.965517323756898
"MULTILINESTRING ((362065.96760297706 2070905.7335084644, 362287.73422956653 2070786.2269018413), (362398.2011365026 2070690.7230626564, 362411.8118444609 2070662.3634643836), (362671.625227283 2070121.010054606, 362685.10124416486 2070092.9311018977), (362942.7257946385 2068622.5298051944, 362951.4619037816 2068599.114701995), (363098.7542329155 2068467.2816057978, 363108.9220780606 2068464.2140344495))",350.13133685822595,0.35013133685822595
"LINESTRING (362478.90461453144 2070522.5673559054, 362512.37836291 2070452.82064915)",77.36339530896377,0.07736339530896377
"MULTILINESTRING ((364586.378819212 2067777.8666646392, 364661.7748403453 2067731.1149921832), (366304.5360595267 2066236.7261535265, 366328.46222816996 2066206.4051255062))",127.33875938737054,0.12733875938737055
"LINESTRING (366328.46222816996 2066206.4051255062, 366699.75832569716 2065735.87097753, 366732.833986872 2065704.5705234627)",644.9237574745711,0.6449237574745711
"MULTILINESTRING ((366753.5338710073 2065684.9816248717, 367242.4512745268 2065222.3049560448, 367396.12228196283 2064505.1835428064), (367457.91936349834 2064405.780498523, 367902.6217013587 2064115.3936213632), (368285.4845289046 2063994.9111045334, 368424.87906529155 2063957.3080469752))",2082.0298491982544,2.0820298491982543
"LINESTRING (367403.4931340087 2064470.7867107422, 367410.83473942534 2064436.5263610533, 367435.7528383952 2064420.2550525204)",64.79829276802364,0.06479829276802364
"MULTILINESTRING ((367396.12228196283 2064505.1835428064, 367403.4931340087 2064470.7867107422), (367435.7528383952 2064420.2550525204, 367457.91936349834 2064405.780498523), (367902.6217013587 2064115.3936213632, 367928.46158321365 2064098.5203963781), (368207.74167969753 2064015.8830085206, 368285.4845289046 2063994.9111045334), (368777.79115105065 2063572.7854952374, 368820.905980599 2063500.4150871246), (370583.6219007903 2061888.6284546216, 370610.6440189902 2061878.1075794727, 370638.7500828146 2061882.8239038482), (371236.2310405152 2061972.4316512411, 371443.24816269724 2061996.5513538278), (373356.25402638747 2059890.4874560465, 373451.50826816686 2059762.405628628), (373940.5671413778 2059196.314126591, 373976.9538065222 2059170.0741090416), (374927.1573440547 2058452.7660145937, 374969.5568282275 2058410.0377398527), (375755.04512441834 2057618.4583048623, 375796.4331875591 2057576.7492943075), (375825.67398100835 2057535.113806571, 375841.9854622882 2057494.1248297342), (376329.0669819796 2056270.1419929932, 376424.9245239217 2056029.2624248592), (377024.8084974391 2054380.5897262816, 377123.31449845154 2054078.9677264101), (377344.34024381713 2053462.301770599, 377372.4213474877 2053419.247387433), (378687.9512164495 2049792.347208427, 378746.779015378 2049554.6334620982, 378768.620807532 2049522.2312775783), (378949.85035189835 2049253.378195578, 378953.6740442665 2049247.7057679316, 378960.1242052652 2049243.503193453))",1817.19368891599,1.8171936889159899
"MULTILINESTRING ((369052.1950817159 2063112.184707573, 369260.0918222441 2062763.2195808415, 370229.0127298991 2062026.6930869357, 370583.6219007903 2061888.6284546216), (370638.7500828146 2061882.8239038482, 371028.5598578558 2061948.2357436332, 371236.2310405152 2061972.4316512411), (371443.24816269724 2061996.5513538278, 371620.39440584223 2062017.1907804317, 372245.4044736384 2061848.7415112825, 372658.88806876517 2061262.0797842748, 372880.0896870317 2060530.752893017, 373356.25402638747 2059890.4874560465))",5713.506314485285,5.713506314485285
"LINESTRING (373451.50826816686 2059762.405628628, 373793.7922058066 2059302.15995967, 373940.5671413778 2059196.314126591)",754.5307632349495,0.7545307632349495
"MULTILINESTRING ((373976.9538065222 2059170.0741090416, 374815.2469917806 2058565.54418564, 374927.1573440547 2058452.7660145937), (375796.4331875591 2057576.7492943075, 375817.5897019291 2057555.4287198668, 375825.67398100835 2057535.113806571), (376424.9245239217 2056029.2624248592, 376465.5969247548 2055927.057109042))",1354.3148770497608,1.3543148770497608
"LINESTRING (375202.4372374919 2058175.3514387584, 375313.4473977527 2058063.4804403444)",157.60195419880208,0.15760195419880207
"LINESTRING (375313.4473977527 2058063.4804403444, 375522.1889571995 2057853.120175924)",296.35195205590276,0.29635195205590276
"MULTILINESTRING ((375522.1889571995 2057853.120175924, 375755.04512441834 2057618.4583048623), (375841.9854622882 2057494.1248297342, 376083.68193829316 2056886.767895892))",984.2692389667818,0.9842692389667819
"LINESTRING (376465.5969247548 2055927.057109042, 376767.5946752078 2055168.1696367294, 377024.8084974391 2054380.5897262816)",1645.2871476826595,1.6452871476826594
"LINESTRING (377123.31449845154 2054078.9677264101, 377305.0223084952 2053522.5846381283, 377344.34024381713 2053462.301770599)",657.2749183429275,0.6572749183429275
"LINESTRING (377372.4213474877 2053419.247387433, 377509.7869384245 2053208.63633541)",251.44844562584936,0.25144844562584934
"MULTILINESTRING ((377965.57342281524 2052509.8174367272, 378045.94554750825 2052386.5896500635, 378374.65728154435 2051058.317996471), (378404.67622181214 2050937.0162499861, 378522.5936538584 2050460.5307271595))",2006.3219888796484,2.0063219888796486
"MULTILINESTRING ((378522.5936538584 2050460.5307271595, 378687.9512164495 2049792.347208427), (378768.620807532 2049522.2312775783, 378949.85035189835 2049253.378195578), (378960.1242052652 2049243.503193453, 379009.45923144964 2049211.359170692))",1071.4546637402268,1.071454663740227
"LINESTRING (378752.95689245994 2048907.7223404362, 378935.5004723127 2048784.8451099754, 379092.2400311216 2048457.7129349725, 379101.1037620225 2048434.2622703412)",607.8609149358552,0.6078609149358553
"MULTILINESTRING ((379154.36256687774 2048293.3561005474, 379182.1070661944 2048219.952817425, 379250.91495008435 2048091.7988801396, 379278.0473049683 2047567.0735938565, 379419.64654247405 2047251.4447964136, 379445.94935540645 2046594.4473860378, 379544.7071975519 2046384.0019266007, 379504.8066983435 2046071.5450505132), (379427.86155779636 2045318.4506073126, 379377.83529909386 2044770.3500039694, 379377.69202648907 2044765.6974447698), (379370.0011360412 2044515.9475141726, 379354.75738665974 2044020.9300157614), (379334.7671020719 2043510.4303049755, 379257.31876285933 2043266.0443299916), (379252.8042360838 2043251.7988724539, 379226.249711196 2043168.0068438458, 379239.016226019 2043097.6359477984), (379325.90202384494 2042618.7087283065, 379390.2831326141 2042263.8306448662, 379419.43459203414 2041664.7949550417), (379445.32355254306 2041132.8006183656, 379455.78473252367 2040917.8329875604, 379454.945530932 2040784.775306927))",5075.042335864055,5.075042335864055
"MULTILINESTRING ((379259.8679040763 2042982.6984500303, 379296.52659093856 2042780.6304088947), (379427.367597752 2041501.7789809834, 379440.15506488923 2041239.0082878508), (379454.40073399217 2040698.3962795942, 379453.2882317826 2040522.0060472954), (379452.26977801806 2040360.5274501592, 379451.2199611515 2040194.0761484168))",811.2963927235174,0.8112963927235174
"MULTILINESTRING ((379476.5436538765 2040042.5335394242, 379533.64354987664 2039767.8072754168), (379283.25783011573 2038089.4140167471, 379223.35428770486 2038051.0974840438))",351.70714247046465,0.35170714247046464
"MULTILINESTRING ((379545.0877605199 2039712.7454372216, 379609.2627895675 2039403.9783954609), (379684.86787858506 2038900.4035607688, 379686.7116025204 2038877.4806237337, 379681.7276146092 2038865.5884662194), (379498.3985996518 2038428.1521076893, 379492.23835555254 2038413.4533173912, 379476.55282022426 2038388.9706679936))",396.27083707274403,0.396270837072744
"LINESTRING (379108.1050539987 2034068.744437063, 379198.78751760157 2033990.8602785096, 379188.0011417742 2033889.9381954463)",221.034517460723,0.221034517460723
"LINESTRING (379130.9531207552 2033356.1717841872, 379041.4174810924 2032518.4369038355)",842.5060002918067,0.8425060002918067
"MULTILINESTRING ((379036.0334148154 2032468.0612083543, 379014.24291104055 2032264.1796574842), (379009.3566412266 2032218.4615649646, 379005.3066992195 2032180.5685237627), (378993.57745607576 2032070.8245588045, 378991.25516718306 2032049.0962010804))",265.00366823051183,0.26500366823051186
"LINESTRING (378892.0002617128 2031120.4235890175, 378820.19042915886 2030448.5391672472)",675.7109798345308,0.6757109798345308
"MULTILINESTRING ((378817.7558399047 2030425.7600778795, 378805.299544664 2030309.2134932745), (378796.3358118703 2030225.3448612113, 378787.47189161857 2030142.410119253))",200.61742505598068,0.20061742505598068
"MULTILINESTRING ((378758.67514684936 2029872.9750917645, 378747.2880537289 2029766.4324331228), (378742.16550965817 2029718.50365459, 378714.3606384216 2029458.3490327408))",368.78571771377165,0.36878571771377167
"LINESTRING (378674.1074407501 2029081.7223859434, 378669.47920925665 2029038.4186136012)",43.550398687251906,0.043550398687251905
"LINESTRING (378658.42363153375 2028934.9777590346, 378647.0666827362 2028828.7171439559)",106.86579716120733,0.10686579716120732
"LINESTRING (378794.53193099436 2028401.5424416403, 378783.951556741 2028180.351625792)",221.44372046860215,0.22144372046860214
"LINESTRING (378777.1443270518 2028099.816293422, 378769.1459002155 2028014.4904603714)",85.69989858584313,0.08569989858584313
"LINESTRING (378768.34071411664 2028005.9008744378, 378761.5422060057 2027933.3755666576)",72.84325625023294,0.07284325625023294
"LINESTRING (378753.61815080023 2027848.843117293, 378727.74105428247 2027572.7907306827)",277.26259083661853,0.2772625908366185
"LINESTRING (378694.9176500728 2027222.6363359452, 378652.4188599696 2026769.266599199, 378662.53315656254 2026756.801899789)",471.4093260378397,0.4714093260378397
"LINESTRING (380722.19986762 2022972.8618036516, 380833.92980770447 2022630.0826544557)",360.5289511741388,0.3605289511741388
"LINESTRING (381062.2532438558 2021929.6033279097, 381077.5404437107 2021882.7033353392)",49.32856963786994,0.04932856963786994
"LINESTRING (381950.5302984285 2020151.1129707936, 381989.36595465057 2020086.807441474)",75.12262838375248,0.07512262838375248
"MULTILINESTRING ((382919.8757447752 2018546.034594762, 383050.8654046745 2018329.1370260154), (383063.0089650175 2018309.0292654764, 383131.8259498838 2018195.079532975))",386.50049422399434,0.38650049422399435
"LINESTRING (384847.94222340494 2016368.8901951653, 384932.66655330395 2016317.640236379, 385370.48209757835 2015819.4838012347)",762.2251053765206,0.7622251053765206
"LINESTRING (385370.48209757835 2015819.4838012347, 385390.47248608805 2015796.7382847555)",30.281581079536394,0.030281581079536393
"LINESTRING (386595.2439018466 2012299.9166040404, 386595.70232073637 2012271.2732424205, 386594.33645317925 2012174.5419037929)",125.3880110578841,0.1253880110578841
"LINESTRING (389320.6874048156 2007296.5398878423, 389571.95538967237 2007225.6179726897)",261.0852700994501,0.2610852700994501
"MULTILINESTRING ((391539.9945760289 2006670.1269567092, 391554.71652222704 2006665.9715979605, 391581.620805605 2006596.1363527768), (391618.4186040797 2006500.620585172, 391695.73177266883 2006299.939377332))",305.19441957798205,0.30519441957798205
"LINESTRING (391735.71348353405 2006196.15915238, 391754.3549975123 2006147.7715153268)",51.85430997505067,0.051854309975050666
"MULTILINESTRING ((392245.8481801984 2004872.006372772, 392345.5792921032 2004613.135078767), (392364.02507213847 2004565.2555068317, 392562.9265910277 2004048.9683363498))",830.6937421458955,0.8306937421458955
"LINESTRING (392568.017237046 2004035.7545849246, 392700.4964836611 2003691.8792049654)",368.51190988317524,0.3685119098831752
"LINESTRING (392788.2698628088 2003464.046507574, 392843.25021839776 2003321.3344137818)",152.93652675286273,0.15293652675286273
"LINESTRING (393789.5647082662 2000638.4880013305, 393905.89700119215 2000330.6427247468)",329.09256553787395,0.32909256553787397
"MULTILINESTRING ((395075.6061960438 1997235.2902516306, 395147.1999515338 1997045.8346937096), (395155.08848021156 1997024.9596105185, 395223.88279669126 1996842.912090854))",397.14398825471915,0.39714398825471914
"LINESTRING (394280.19222426973 1993449.7337035022, 394238.87765615317 1993429.1165672266, 394189.39418221806 1993287.9348011934)",195.77564151197527,0.19577564151197527
"LINESTRING (392267.43255922326 1986181.003541082, 392212.06574345846 1986034.5122612054)",156.60517030994242,0.15660517030994242
"LINESTRING (391658.4480082644 1984569.7328717697, 391606.0772558075 1984431.168671363, 391585.5544992911 1984256.134912)",324.3635999660366,0.3243635999660366
"LINESTRING (391428.96048401814 1982920.5814172693, 391420.79371116817 1982850.9289340538)",70.12962709779886,0.07012962709779887
"LINESTRING (391119.30280342465 1980279.583951524, 391073.58772098727 1979889.6907745418)",392.5640816726788,0.3925640816726788
"MULTILINESTRING ((391039.2834253389 1979597.1175120354, 391017.8120820092 1979413.993479035), (391015.76106884365 1979396.5008705454, 390991.7882805929 1979192.0426026415))",390.23737528496997,0.39023737528497
"LINESTRING (390583.99139951257 1977583.972443072, 390511.3675724747 1977466.259701788)",138.3130858386296,0.1383130858386296
"LINESTRING (389332.4581029532 1975626.6879858559, 389136.53530969296 1975336.8153908728, 389135.7168925502 1975294.8056791818)",391.89174923936366,0.39189174923936365
"LINESTRING (392472.440390312 1965982.5069060794, 392488.5158107236 1965938.2697562135)",47.0674470272354,0.0470674470272354
"LINESTRING (392829.47478592617 1965000.001711092, 392855.99131065985 1964927.0322055656)",77.63810160425955,0.07763810160425955
"MULTILINESTRING ((394748.24502229894 1961926.57145866, 394784.4803956236 1961881.485466241), (394812.337678504 1961846.8239427204, 394945.69297059445 1961680.8961451955))",270.7172202548594,0.2707172202548594
"LINESTRING (395766.7670402436 1960659.2718073374, 395837.510009544 1960571.2496156238)",112.92685216324797,0.11292685216324796
"LINESTRING (395934.5504555063 1960450.5066948372, 395993.7773952737 1960376.8133639188, 396027.4829015907 1960332.3751619442)",150.3185187885813,0.1503185187885813
"LINESTRING (396789.7407550559 1958355.229233234, 396781.7572134925 1958158.9444632619)",196.4470612121488,0.1964470612121488
"MULTILINESTRING ((396781.4132222296 1958150.4870330119, 396772.33274497895 1957927.232807525), (396770.17000397295 1957874.059273261, 396767.1790134617 1957800.5222496442), (396766.354779298 1957780.2574821936, 396747.1509397601 1957308.108474594, 396689.6293549613 1956925.2048893527))",1156.7760906115332,1.1567760906115332
"MULTILINESTRING ((396673.0304493345 1956814.7110547717, 396663.50533063343 1956751.3052547881), (396658.168503494 1956715.7796298834, 396510.25123604754 1955731.1396513002))",1059.8056703600816,1.0598056703600816
"MULTILINESTRING ((396509.2497430598 1955724.4730189927, 396507.1996881787 1955710.8264310786, 396655.58968743484 1955739.0604930911), (396762.46300989913 1955759.3952058686, 397410.3890766504 1955882.675648216))",824.4019104265668,0.8244019104265669
"LINESTRING (396655.58968743484 1955739.0604930911, 396762.46300989913 1955759.3952058686)",108.79065951772213,0.10879065951772213
"MULTILINESTRING ((397420.22841798345 1955884.547772852, 397697.46263893653 1955937.2969353672, 398141.55657799187 1956010.2809782694, 398546.2617796628 1955977.3654722546), (398622.237292447 1955970.2100500534, 398745.2683593125 1955905.2402946206))",1277.4326310789365,1.2774326310789366
"MULTILINESTRING ((396510.25123604754 1955731.1396513002, 396509.2497430598 1955724.4730189927), (398546.2617796628 1955977.3654722546, 398620.0521984068 1955971.3639458052, 398622.237292447 1955970.2100500534), (398745.2683593125 1955905.2402946206, 398881.20242030657 1955833.456777475))",236.97015703090648,0.2369701570309065
"LINESTRING (399844.6760717394 1956030.1221423666, 399871.81420805585 1956048.2886526235, 400088.1735869307 1956176.7816905826)",284.2956349265554,0.2842956349265554
"LINESTRING (400132.82929999125 1956203.3021412478, 400283.85851756897 1956292.996441019)",175.65560615472972,0.17565560615472972
"LINESTRING (400380.4707233323 1956350.3731809922, 400450.5759413241 1956392.0077636177, 400599.66857884754 1956484.759081382, 401063.34103508375 1956431.0396806924)",723.8991081891597,0.7238991081891597
"LINESTRING (401116.5280196232 1956424.8776305306, 401159.99103092565 1956419.842164464, 401318.44910860545 1956407.6018562824)",202.68386845887363,0.20268386845887362
"MULTILINESTRING ((401366.7105391747 1956403.8738369092, 401515.6012712741 1956392.3725712562), (402442.1546849028 1956320.799701665, 402550.0997118428 1956312.4613422973), (404071.903889932 1956466.2319254735, 404095.12602441513 1956468.2542201267, 404192.2737802969 1956414.7701767646), (404357.89527151745 1956384.9049343888, 404423.82353745337 1956384.5895529608), (404546.0134666953 1956428.458438349, 404566.9587600257 1956443.8650551075), (404634.27391550114 1956493.3797019583, 404702.80021363235 1956543.7852224982), (405676.66266132303 1956841.0377459687, 405679.3492748579 1956841.5253934106, 405706.942598185 1956842.211301769), (407506.31574873975 1956931.6921805884, 407514.3918328175 1956932.6847579898), (412979.8627621013 1957547.5996085394, 413064.73246875644 1957555.6126082023), (443714.5755845672 1955816.0198577452, 443722.1934462909 1955814.364892033), (450832.1839415314 1954609.908968862, 450838.19717060373 1954609.2720593153), (478788.6482660241 1951161.5990767735, 478794.68334905035 1951161.5496066017), (494102.8382118624 1954386.6439498442, 494124.1258166481 1954394.3960091786))",735.0559032318045,0.7350559032318045
"LINESTRING (401515.6012712741 1956392.3725712562, 401831.6207983747 1956367.9612161538)",316.96096883816705,0.31696096883816705
"LINESTRING (404607.1112297492 1956473.3997912973, 404634.27391550114 1956493.3797019583)",33.719554078885096,0.0337195540788851
"LINESTRING (404702.80021363235 1956543.7852224982, 404920.26377082535 1956703.7437216102, 405090.1815374613 1956734.5855093026)",442.65175874537215,0.44265175874537216
"LINESTRING (405247.43309927685 1956763.128253124, 405676.66266132303 1956841.0377459687)",436.24294379356684,0.4362429437935668
"MULTILINESTRING ((408986.47314641456 1957113.6084124271, 409050.96640986134 1957121.5348474695), (409067.0237613875 1957123.5083489954, 409132.495497211 1957131.555041524))",130.94289533887536,0.13094289533887535
"MULTILINESTRING ((410374.0299065893 1957284.1437201381, 410647.00941823574 1957317.6938035318), (410652.1483826516 1957318.3253992281, 410702.69581630273 1957324.5378457378))",325.9612601489254,0.3259612601489254
"LINESTRING (410702.69581630273 1957324.5378457378, 410709.7022141486 1957325.398955169)",7.059116108048809,0.007059116108048809
"LINESTRING (410709.7022141486 1957325.398955169, 410959.4169618726 1957356.0897222536)",251.59367721608697,0.251593677216087
"MULTILINESTRING ((411110.13403319014 1957371.0685909952, 411142.33903217106 1957374.1092359573), (411190.85119643953 1957378.6895269852, 411298.5607807154 1957388.8589607738))",140.53681648775625,0.14053681648775626
"LINESTRING (411342.2427095803 1957392.9832036288, 411476.1624639408 1957405.627278751)",134.5153271700867,0.13451532717008668
"LINESTRING (411554.7634325636 1957413.0484135693, 411832.65679241344 1957439.2858012847)",279.1292173219708,0.2791292173219708
"LINESTRING (412024.36142801703 1957457.3856538823, 412687.9062889996 1957520.0344476267)",666.4958018577489,0.6664958018577489
"LINESTRING (413064.73246875644 1957555.6126082023, 413218.38249359315 1957570.1195229276)",154.3333428237983,0.1543333428237983
"MULTILINESTRING ((416288.8729640524 1958153.2386139464, 416381.0714872093 1958181.1515006267), (416422.4728794412 1958193.6856750387, 416445.3012107815 1958200.5968988196))",120.18276051464076,0.12018276051464076
"LINESTRING (418228.7905272237 1958721.83057247, 418320.54728090676 1958737.1635098616)",93.02903211094639,0.09302903211094639
"LINESTRING (422519.79442692146 1959108.9947737758, 422711.47696531675 1959094.9791620933)",192.1942582297786,0.1921942582297786
"MULTILINESTRING ((427381.4303679163 1957942.9571558542, 428238.44753627136 1957887.7583628118), (428298.87019525765 1957883.8666579877, 428347.7425815965 1957880.7188835456), (428513.92328311334 1957870.0155108601, 428576.41612566455 1957865.9904695775), (428638.60218822415 1957861.9851873915, 428761.3002862408 1957854.0824438187))",1093.3412695665804,1.0933412695665805
"LINESTRING (432267.2216828111 1957607.702879994, 432450.6701014219 1957590.7159299278)",184.23321840360222,0.1842332184036022
"LINESTRING (448721.28492690786 1954877.1664615287, 448851.42124228284 1954856.0013933037)",131.84620090221208,0.13184620090221208
"LINESTRING (452644.4572107614 1954417.9565033366, 452774.0839621255 1954404.2266895468)",130.3518410147075,0.1303518410147075
"LINESTRING (459269.2167647214 1953254.0724731472, 459392.97961040895 1953231.7998260008)",125.75099515944774,0.12575099515944774
"LINESTRING (460797.5922123799 1952979.0225026687, 460952.1443506239 1952951.208943424)",157.0348926628703,0.1570348926628703
"LINESTRING (463867.8636274551 1952175.3932956909, 464045.8994322127 1952104.0780057297)",191.78795154528908,0.19178795154528908
"LINESTRING (474186.6982517766 1950858.4925203053, 474315.64821055834 1950851.1346754457)",129.15970637469735,0.12915970637469734
"LINESTRING (476820.3222029329 1951114.6846022166, 477071.8714302747 1951156.2428277482)",254.95901608999813,0.2549590160899981
"LINESTRING (483009.42783007526 1951845.4480793378, 483116.17006795993 1951876.247181079)",111.09675970379485,0.11109675970379485
"LINESTRING (484407.045383298 1952248.7126732795, 484421.2864264535 1952252.8217433696)",14.822002805354895,0.014822002805354895
"MULTILINESTRING ((495969.71050540044 1954546.8460542732, 496049.23768324475 1954547.3882325094), (496105.6367129324 1954547.7727341007, 496180.0564829298 1954548.2800924745))",153.95052541930556,0.15395052541930557
"MULTILINESTRING ((496206.1608977603 1954548.4580598809, 496240.7380627966 1954548.6937904432, 496242.78498797724 1954548.8581977484), (496269.8935818367 1954551.0355371581, 496318.4698150299 1954554.9371392645), (496354.8620734645 1954557.860134788, 496470.0145998001 1954567.1090886444))",200.88751697209676,0.20088751697209675
"LINESTRING (504533.56100000784 1955743.6988606341, 504545.61167304375 1955746.7600870843)",12.433415781566898,0.012433415781566898
"LINESTRING (518757.59606797324 1954901.1790732448, 518848.95851233497 1954896.8890857804)",91.46310858589503,0.09146310858589503
"LINESTRING (521776.4012484081 1954605.9068042373, 521864.14011476503 1954621.005465889)",89.02852494158107,0.08902852494158107
"LINESTRING (522952.8976356658 1954803.2204579387, 522997.28438167216 1954800.1862114542)",44.490334599365156,0.044490334599365154
"LINESTRING (523541.86805777164 1954762.9588574935, 523657.4247637098 1954755.0594830113)",115.82638906778297,0.11582638906778298
"LINESTRING (528253.7286517208 1955390.4707267443, 528327.8035122618 1955385.2804886582)",74.25647133794712,0.07425647133794712
"LINESTRING (530781.5887518821 1955270.3259334397, 530845.3756731934 1955272.4205954573)",63.82130474489246,0.06382130474489246
"MULTILINESTRING ((531318.5213428484 1955287.9579539422, 531393.5063814388 1955290.420344492, 531559.7878572772 1955259.507261857), (531678.9755251466 1955237.3493022446, 531881.1517834928 1955199.7630867653), (535468.4025229395 1955145.0620684111, 535490.3362026036 1955151.5137650406), (536264.2231374934 1955379.1492464496, 536295.5177145912 1955388.354410411), (536360.2914651688 1955407.407327873, 536375.8235488514 1955411.9760228426), (537186.4900266959 1955650.430047102, 537217.7001869476 1955659.6103802146), (539343.7951377201 1957608.0217901976, 539466.6526718828 1957730.7078887369, 539857.705785806 1958035.6231018296), (540454.6428708647 1958501.071891298, 540510.8751128091 1958544.9177665121), (545179.6906231395 1961111.5495348012, 545227.0493816278 1961134.7754530748))",1347.5597762404948,1.3475597762404947
"LINESTRING (531559.7878572772 1955259.507261857, 531678.9755251466 1955237.3493022446)",121.229845113829,0.121229845113829
"LINESTRING (531881.1517834928 1955199.7630867653, 533241.6289661449 1954946.8392817636, 533498.1772206674 1954886.4659596637, 533962.1615355929 1954894.553386672)",2111.3989125461653,2.111398912546165
"LINESTRING (533962.1615355929 1954894.553386672, 534355.5923066274 1954901.4110379787)",393.4905322600455,0.3934905322600455
"LINESTRING (534355.5923066274 1954901.4110379787, 534624.585263627 1954906.099689805)",269.0338164084986,0.2690338164084986
"LINESTRING (534635.7135293861 1954906.2936598037, 534657.9871214582 1954906.6818971736, 535468.4025229395 1955145.0620684111)",867.0244104137666,0.8670244104137667
"LINESTRING (535490.3362026036 1955151.5137650406, 535715.2975995489 1955217.6851830906)",234.49154927701375,0.23449154927701374
"LINESTRING (536375.8235488514 1955411.9760228426, 536569.3262950649 1955468.8940153844)",201.70019996801977,0.20170019996801977
"LINESTRING (536700.3548021798 1955507.4354817804, 537175.1020664583 1955647.0803280487)",494.85922041442234,0.4948592204144223
"LINESTRING (537329.5371204864 1955692.5067285798, 537465.7157546779 1955732.5630824917, 537473.863815908 1955740.6997739025)",153.46269970636345,0.15346269970636345
"MULTILINESTRING ((537761.5882491894 1956028.0227159944, 537827.4651495881 1956093.8076916481), (537868.416005514 1956134.7014046763, 537922.7121188676 1956188.921753136))",169.83177279253363,0.16983177279253361
"LINESTRING (540091.689507598 1958218.0668514129, 540174.4777773396 1958282.6192153015)",104.98049957210866,0.10498049957210866
"LINESTRING (542067.9785964811 1959585.4882205, 542160.4692320549 1959630.8479387758)",103.01466745511853,0.10301466745511853
"LINESTRING (542788.2379691019 1959938.7214102692, 542842.1443571092 1959965.158449631)",60.040117573294324,0.060040117573294326
"MULTILINESTRING ((545854.6441525156 1961468.6065686657, 546347.2617124013 1961835.2579327275), (546450.2206447611 1961911.889453944, 546525.7536606566 1961968.1080818716))",708.2472074675768,0.7082472074675767
"LINESTRING (550586.2394771226 1963863.6198503508, 550807.5368357055 1963900.4317668197)",224.3382225790079,0.2243382225790079
"MULTILINESTRING ((553598.050611521 1964769.9273331603, 553610.2268501753 1964795.5216203432), (553611.2136088455 1964797.5957735775, 553762.724897622 1965116.0704311866))",381.02105638234565,0.3810210563823456
"MULTILINESTRING ((553839.6755116633 1965277.8195698648, 553849.6191138934 1965298.7208858074), (559307.5206516888 1967583.2496899834, 559580.64754614 1967689.4157721146), (560504.9819886144 1967822.1470547703, 560529.2013538377 1967820.7777441416), (561696.4769276584 1967754.7825029383, 561775.6328102452 1967750.307200207), (566858.4869593186 1969125.5450907245, 566888.3910638656 1969137.6656542404, 566901.0324142441 1969133.9787589633))",465.1565374376899,0.4651565374376899
"MULTILINESTRING ((561784.652482654 1967749.797247399, 562106.24241861 1967731.6152466207), (562170.8257784015 1967727.963842871, 562261.2868110947 1967722.8493713562))",412.7090093348522,0.4127090093348522
"LINESTRING (562106.24241861 1967731.6152466207, 562170.8257784015 1967727.963842871)",64.68649867857863,0.06468649867857863
"LINESTRING (566264.4385969717 1968884.7687485972, 566285.4609469108 1968893.2894092742)",22.683493014401893,0.022683493014401892
"LINESTRING (566997.3932697641 1969105.8747690835, 567797.8456189951 1968872.4199642169)",833.8016006849059,0.8338016006849059
"LINESTRING (567807.9030102845 1968869.4866898963, 567894.1945298929 1968844.319458029)",89.88668375338806,0.08988668375338806
"LINESTRING (568239.9925048063 1968743.4662356803, 568523.1642847058 1968660.8781682162)",294.9695676148723,0.2949695676148723
"MULTILINESTRING ((568862.2335282003 1968561.9874045718, 568976.7613514336 1968528.5849532576), (571888.5084027686 1967542.305544031, 571897.9676809667 1967516.2754728321))",146.9949297256676,0.14699492972566758
"LINESTRING (571768.3500104379 1967714.4080865378, 571832.7971891189 1967695.6118352213, 571880.8829894003 1967563.2891802816)",207.921194595345,0.20792119459534503
"LINESTRING (571932.1512730069 1967422.2089578179, 571955.4900468424 1967357.9852473072)",68.33288634250485,0.06833288634250485
"MULTILINESTRING ((572179.0373708913 1966742.8270249264, 572199.6839380662 1966686.0117370868), (573175.2859514554 1964001.347078895, 573186.4962096519 1963970.498655484), (574231.3930803658 1962591.3575921394, 574463.579936441 1962304.6541778806), (575655.2075338482 1960833.237119755, 575680.1965173517 1960802.3808214683, 575729.7698688551 1960777.0001339286), (576153.3248156027 1960560.1474210648, 576269.3491973546 1960500.7449701328), (576892.031093548 1960181.9427474753, 576931.8000337034 1960161.5817467913))",732.626803044943,0.732626803044943
"MULTILINESTRING ((578018.2097877259 1959605.3589845488, 578052.9387917079 1959587.5783428957), (578336.139794405 1959555.984922913, 578381.5820133369 1959565.552313433), (579848.3962554614 1959874.3749238756, 580169.2418907636 1959941.9256632926), (581351.0173469785 1960569.6495800614, 581375.231635031 1960583.465682726), (581469.0442425176 1960592.5895221727, 581505.9481145344 1960583.414931969), (582161.713541963 1960420.386535825, 582184.8159285025 1960414.6431024766, 582198.3025717657 1960398.005332701), (582676.4436263198 1959808.1476022997, 582705.5926151418 1959772.1880120777), (582967.4678555577 1958455.2721610423, 582974.9285828345 1958403.3312890728), (583028.6471009217 1958274.9089300616, 583065.8500974937 1958230.1394800728), (584763.6861466898 1956320.1361486204, 584856.2397609263 1956228.3312684286), (585532.3200427867 1955557.720295662, 585565.6867971199 1955524.6234694687), (586855.0708048563 1955012.890863813, 586897.9103875043 1955006.2061535744), (587463.6605436726 1954914.0591485843, 587496.5585643323 1954908.4873743518), (588369.2702853373 1954946.5902828397, 588411.5130711526 1954951.7869595825), (589069.6987366679 1954966.413280165, 589098.4648016582 1954963.814317594), (589845.3454623369 1954421.184979858, 589888.9648900377 1954381.1004591878))",1066.2053117705318,1.066205311770532
"MULTILINESTRING ((582546.2057064788 1959968.8153447532, 582555.238736372 1959957.671765969), (582587.0893794717 1959918.3792854934, 582676.4436263198 1959808.1476022997))",156.24343328531575,0.15624343328531576
"MULTILINESTRING ((590032.6990550307 1954249.0144733926, 590040.7737248421 1954241.594172714), (594526.5594263894 1953833.6746047775, 594528.546554429 1953819.7888341304))",24.993599078060384,0.024993599078060383
"MULTILINESTRING ((593553.3230368249 1954817.5351993558, 593894.259442555 1954801.9436934814), (593993.103609364 1954769.465061537, 594068.8041617494 1954714.7300687071, 594267.7906863281 1954545.4051162046, 594426.6083348728 1954242.1156005717, 594456.2964206813 1954180.9200610875))",1106.3598206715565,1.1063598206715564
"MULTILINESTRING ((590316.845943133 1954192.0852817888, 590349.1419364794 1954195.0409140845), (591504.0484324393 1954300.7344873182, 591553.4231374913 1954305.2531120055), (593894.259442555 1954801.9436934814, 593939.4336627546 1954799.877812256), (593962.6420692876 1954791.490160762, 593993.103609364 1954769.465061537), (594456.2964206813 1954180.9200610875, 594470.4214151889 1954151.8044534097))",197.18445654346573,0.19718445654346572
"LINESTRING (594470.4214151889 1954151.8044534097, 594485.4733815991 1954120.7780945296, 594526.5594263894 1953833.6746047775)",324.5131375719284,0.3245131375719284
"LINESTRING (594528.546554429 1953819.7888341304, 594558.7085984717 1953609.0207218209)",212.91534953438477,0.21291534953438476
"MULTILINESTRING ((594562.7964101546 1953580.455669975, 594571.8966065468 1953516.864780295), (594582.3185237849 1953486.9205142807, 594614.590476571 1953435.961006407), (595001.9989886751 1952824.2178232858, 595017.8357317884 1952799.2105781175, 595253.4192523555 1952527.3702810453), (595758.3246807163 1951944.7588941855, 595802.440899741 1951893.8531005355))",581.2371514897036,0.5812371514897036
"MULTILINESTRING ((594558.7085984717 1953609.0207218209, 594562.7964101546 1953580.455669975), (594614.590476571 1953435.961006407, 594874.6632149296 1953025.2892740218))",514.951836840273,0.514951836840273
"MULTILINESTRING ((594874.6632149296 1953025.2892740218, 595001.9989886751 1952824.2178232858), (595802.440899741 1951893.8531005355, 595862.0879441894 1951825.0262562667))",329.07663379598614,0.3290766337959861
"MULTILINESTRING ((594571.8966065468 1953516.864780295, 594574.390208994 1953499.4398378767, 594582.3185237849 1953486.9205142807), (595253.4192523555 1952527.3702810453, 595307.7692777315 1952464.6556777128))",115.40931928548025,0.11540931928548025
"LINESTRING (595491.8742806966 1952252.2165453914, 595747.6058160097 1951957.1274136775)",390.48202751113945,0.3904820275111395
"MULTILINESTRING ((595873.0319738227 1951812.3979185142, 596095.7521298742 1951555.4006835665), (596738.657585138 1950813.5507887711, 597269.8256555527 1950200.6348865503), (597682.7674327353 1949724.1405413067, 597795.2780965023 1949594.3142606374, 598055.8977861711 1949057.4623571904), (598272.9671384695 1948701.850803063, 598765.338061972 1948230.2012294803))",2601.5145957801806,2.6015145957801806
"MULTILINESTRING ((596095.7521298742 1951555.4006835665, 596130.9781556083 1951514.753301792), (596592.5465668584 1950982.1485859305, 596738.657585138 1950813.5507887711), (597269.8256555527 1950200.6348865503, 597305.2436279658 1950159.766017118), (597642.5177424729 1949770.58473966, 597682.7674327353 1949724.1405413067))",392.42606049743506,0.39242606049743506
"LINESTRING (597305.2436279658 1950159.766017118, 597642.5177424729 1949770.58473966)",514.9911601576113,0.5149911601576113
"MULTILINESTRING ((598765.338061972 1948230.2012294803, 599384.2857310692 1947637.3018719736), (600399.5694922801 1946695.7428616302, 600573.1078631333 1946549.8434907352))",1083.8236988251113,1.0838236988251113
"LINESTRING (605123.3299611573 1942724.3233001824, 605387.6285215653 1942502.1188764435)",345.2948522102513,0.3452948522102513
"LINESTRING (605681.2706180466 1942255.2443844548, 606931.4626535655 1941204.1671467035)",1633.3228356309924,1.6333228356309923
"LINESTRING (609007.0546352281 1939459.149241611, 609109.9129918285 1939372.6728649714)",134.38007753838096,0.13438007753838097
"MULTILINESTRING ((609549.1469816098 1939003.394517654, 609564.6763563125 1938990.3384656215), (610285.6535903336 1938384.1893796516, 610314.8427188663 1938359.6491268594), (618308.4130938522 1931663.2230090527, 618769.0406786125 1931278.7059050328), (620970.8425843945 1929719.7855617504, 621271.2543876712 1929637.27549517))",969.9855810451559,0.9699855810451559
"LINESTRING (610314.8427188663 1938359.6491268594, 610651.3658634664 1938076.7231385182)",439.65320620961285,0.43965320620961285
"LINESTRING (620826.0301715188 1929759.5592380764, 620970.8425843945 1929719.7855617504)",150.17516522838093,0.15017516522838092
"MULTILINESTRING ((623818.854769268 1928735.2167685968, 623892.4865890138 1928677.7077365434), (627887.0787710986 1926112.0531646674, 627936.6655822402 1926074.3738389171), (629585.1125743258 1924821.7752191015, 629628.5922281839 1924788.736513778), (629978.0128903412 1924614.0261183882, 630025.0751010394 1924602.0155855718), (637206.4247334591 1922769.2959970455, 637605.0154834456 1922667.5734639985), (643347.4822935442 1921068.1095885604, 643465.997497169 1921023.4662368903), (648211.6253270728 1920033.2136577782, 648322.7469425325 1920034.6498074168))",908.0273697189142,0.9080273697189142
"LINESTRING (621271.2543876712 1929637.27549517, 621290.6977431736 1929631.935250414)",20.163389775587344,0.020163389775587345
"LINESTRING (625529.5289950258 1927399.1202382948, 625653.1021110251 1927302.6053034)",156.79747337105562,0.15679747337105562
"MULTILINESTRING ((633153.2036716347 1923803.700115611, 633243.1940469805 1923780.7340810746), (633342.9779351861 1923755.2686886492, 633394.4231930223 1923742.139578301))",145.96882481482803,0.14596882481482804
"LINESTRING (645983.9833269261 1920358.842718011, 646983.7209041587 1920156.2289651942)",1020.062525613642,1.020062525613642
"LINESTRING (650972.0517072623 1919716.9580141183, 650975.0339021944 1919717.3046094384)",3.0022682972651094,0.0030022682972651094
"LINESTRING (652460.225977165 1919889.9159358293, 652472.1016676177 1919891.2961469921)",11.955626565802625,0.011955626565802626
"MULTILINESTRING ((650708.2767080575 1919724.5631705944, 650750.9072343614 1919717.8685792584), (652394.9798338377 1919882.3329278592, 652433.9367957826 1919886.860566396), (656139.324748769 1919698.2596119386, 656295.553201006 1919689.2256631658), (656651.8876704335 1919668.620534608, 656733.1448902725 1919663.9218158347), (657037.1235909536 1919564.6305667998, 657092.4514627259 1919536.1221413538), (658748.1625643983 1918682.994865893, 658772.7095516234 1918670.3467026288), (663361.9886069758 1917513.7500783212, 663503.633690016 1917527.5662864682), (664735.49833569 1917650.0143846236, 664998.9403978474 1917677.3295314065), (672902.9651011202 1919162.2644867466, 672937.0072542365 1919166.2057877732))",851.550428147065,0.8515504281470649
"LINESTRING (656295.553201006 1919689.2256631658, 656443.6069913644 1919680.664416232)",148.3011118924614,0.1483011118924614
"LINESTRING (659009.0718055302 1918539.0874508375, 659140.6110975255 1918457.8099548742)",154.62411418877932,0.1546241141887793
"MULTILINESTRING ((659143.0956224924 1918456.274778845, 659206.1365887118 1918417.3220689765), (659209.9451361989 1918414.968785799, 659224.774586403 1918405.8057398314))",91.53648296536534,0.09153648296536533
"MULTILINESTRING ((657422.8310112371 1919365.8896631123, 657437.5042602813 1919358.3290754189), (658637.9741718231 1918739.7709079513, 658649.6111989508 1918733.7747741826), (663553.1382946617 1917532.395016893, 663558.3891055909 1917532.9071864309), (663638.7901688422 1917540.7495894376, 663648.8029291731 1917541.7262444538), (663740.5710858147 1917550.6774055262, 663751.1525402737 1917551.7095315568), (664437.907834525 1917619.1585366474, 664535.3411500728 1917629.2609678763))",153.52089257940727,0.15352089257940726
"MULTILINESTRING ((668812.7098992273 1918033.7611635784, 668826.2080873057 1918034.6717236654), (668829.7673500474 1918034.911824231, 669268.1719573264 1918064.4857000047), (669271.7737326265 1918064.7286683803, 669349.8042039161 1918069.992443957))",531.1376485621948,0.5311376485621948
"LINESTRING (669355.099811951 1918070.3496748153, 669398.8395350863 1918073.3002668412)",43.83913061696885,0.043839130616968855
"LINESTRING (669679.0102996326 1918092.2000120732, 669689.4988587005 1918092.9075487591)",10.512396467211268,0.010512396467211268
"MULTILINESTRING ((673609.4099800712 1919244.0546108098, 673621.6329549837 1919245.4697511331), (673756.4677218281 1919261.0805264914, 673766.8342757912 1919262.2807358212), (673795.4803634841 1919265.597296159, 673821.3556755788 1919268.5930641934))",48.78857911410836,0.04878857911410836
"MULTILINESTRING ((673946.2576182091 1919283.0538461849, 674071.524204057 1919297.5568455025), (677680.8089833708 1918793.9384230785, 677816.8605272699 1918692.8298999493), (677827.4154726067 1918684.985851259, 677904.3176523468 1918627.8349686146))",391.4245273792153,0.3914245273792153
"LINESTRING (674249.1309987789 1919318.1196412812, 674316.9771856002 1919325.974674565)",68.29938955867257,0.06829938955867257
"LINESTRING (675582.0383789933 1919302.0304523075, 675587.3880226138 1919301.1383908056)",5.423509988020009,0.005423509988020009
"LINESTRING (677906.7450958141 1918626.03098156, 677952.3005315713 1918592.175850645)",56.75797403273145,0.056757974032731445
"MULTILINESTRING ((681863.7077058998 1917965.4366071566, 681872.134399365 1917967.7916840925), (681937.6807397653 1917986.1104558795, 682000.0101973792 1918003.530179127))",73.46751416655972,0.07346751416655972
"MULTILINESTRING ((681640.5998726467 1917903.08283643, 681686.1534923839 1917915.814079074), (681795.3108871072 1917946.321188862, 681829.2580272468 1917955.8086737352), (681852.1537266369 1917962.207522084, 681863.7077058998 1917965.4366071566), (681872.134399365 1917967.7916840925, 681879.689651608 1917969.9032122234), (681929.5763616317 1917983.8454590454, 681937.6807397653 1917986.1104558795), (682159.3772761459 1918044.9945189927, 682168.8667781194 1918047.3858226324), (682233.4536569072 1918063.661369943, 682337.5287341436 1918089.8877316318))",227.91847944903446,0.22791847944903446
"MULTILINESTRING ((683445.2900438247 1918369.0376447898, 683448.3295781421 1918369.8035911478), (683531.6052459638 1918390.7886131352, 683742.760377542 1918443.9985746385))",220.89081811519347,0.22089081811519345
"MULTILINESTRING ((683438.7579979438 1918367.3916042354, 683445.2900438247 1918369.0376447898), (683448.3295781421 1918369.8035911478, 683462.6639965962 1918373.415787775), (683519.9833680528 1918387.8599621875, 683531.6052459638 1918390.7886131352))",33.50399258506378,0.03350399258506378
"MULTILINESTRING ((686441.3993548797 1918485.4807731865, 686494.2467868837 1918465.6616526835), (686892.0718334143 1918316.4672218978, 686982.5989584471 1918282.5172657354))",153.1253643618365,0.1531253643618365
"MULTILINESTRING ((687234.8813412179 1918187.9050063442, 687237.8016397263 1918186.8098207156), (687276.8545302459 1918172.1640013473, 687288.9737644984 1918167.6189826974), (687336.8204454767 1918149.6752700133, 687347.929139732 1918145.5092293613))",27.92655037285941,0.02792655037285941
"LINESTRING (690534.0730018005 1917030.3846385507, 690737.8527338443 1916923.0176120815)",230.33423011941622,0.23033423011941623
"LINESTRING (690749.0841034122 1916917.1000522655, 690861.090157523 1916858.0865436315)",126.60154169189872,0.12660154169189872
"LINESTRING (690869.5835825361 1916853.6115461474, 690980.404974625 1916795.222209689)",125.26250658746153,0.12526250658746152
"MULTILINESTRING ((690525.8882378836 1917034.6970093409, 690534.0730018005 1917030.3846385507), (690737.8527338443 1916923.0176120815, 690749.0841034122 1916917.1000522655), (690861.090157523 1916858.0865436315, 690869.5835825361 1916853.6115461474), (690980.404974625 1916795.222209689, 690984.7909291907 1916792.9113473906), (691029.294369647 1916769.4634705016, 691034.0494611933 1916766.9581181058), (691058.8778774508 1916753.876575605, 691063.9576753454 1916751.2001426273), (691091.8232966705 1916736.51836406, 691096.921235141 1916733.832373215), (691111.4675949092 1916726.1682184993, 691116.2779073081 1916723.6337714596))",58.819800384693636,0.058819800384693637
"MULTILINESTRING ((691063.9576753454 1916751.2001426273, 691091.8232966705 1916736.51836406), (691096.921235141 1916733.832373215, 691111.4675949092 1916726.1682184993), (691116.2779073081 1916723.6337714596, 691124.2446177085 1916719.4362882366))",56.94352918840233,0.05694352918840233
"LINESTRING (691815.8153532648 1916359.2601723466, 691841.2840577713 1916346.0340572682)",28.698171184040202,0.0286981711840402
"LINESTRING (691907.0190902995 1916311.89729524, 691940.9356857965 1916294.284118449)",38.217266343651396,0.0382172663436514
"MULTILINESTRING ((691902.5761277144 1916314.2045635357, 691907.0190902995 1916311.89729524), (691940.9356857965 1916294.284118449, 691945.566621942 1916291.8792338832), (691971.706731174 1916278.3044526149, 691976.3400516473 1916275.8983298473), (692004.063271516 1916261.5014257473, 692008.7070052193 1916259.0898953006), (692137.8932536228 1916192.0023766756, 692142.3303591196 1916189.698150016), (692264.7017455033 1916126.1496472561, 692269.1403034027 1916123.8446663513), (692328.8599627536 1916092.8317388261, 692334.235618791 1916090.0401148803), (692426.331083468 1916042.2141560174, 692429.9202524633 1916040.3502700017), (692509.2106050659 1915999.1741148557, 692514.1940044177 1915996.586193146), (692613.8983775774 1915944.8088633295, 692617.5528585473 1915942.9110602494), (692688.3022539959 1915906.170296867, 692692.0492546211 1915904.224447542), (692781.9745420694 1915857.52548019, 692787.2993757855 1915854.760248708), (692821.8381711532 1915836.8239582272, 692827.1629167921 1915834.0587724845), (692863.1584874874 1915815.3659661736, 692868.4832671063 1915812.600762785), (692904.5583597266 1915793.8666600615, 692909.8826900667 1915791.1016899871), (692944.174389117 1915773.2937187273, 692949.4997587005 1915770.528208965), (692992.2578227055 1915748.3235823058, 692997.5872482716 1915745.555966237), (693069.511602857 1915708.205036572, 693074.9787206819 1915705.365915741), (693110.2769944659 1915687.0352216526, 693115.771759566 1915684.1817433564))",103.09296145924674,0.10309296145924673
"LINESTRING (692008.7070052193 1916259.0898953006, 692137.8932536228 1916192.0023766756)",145.5672419599529,0.1455672419599529
"MULTILINESTRING ((692142.3303591196 1916189.698150016, 692220.8936416565 1916148.8995685447), (692261.970692712 1916127.5679062216, 692264.7017455033 1916126.1496472561))",91.60256859347533,0.09160256859347532
"LINESTRING (692269.1403034027 1916123.8446663513, 692328.8599627536 1916092.8317388261)",67.29219409912997,0.06729219409912997
"LINESTRING (692334.235618791 1916090.0401148803, 692426.331083468 1916042.2141560174)",103.77329596405785,0.10377329596405785
"LINESTRING (692429.9202524633 1916040.3502700017, 692478.8651086163 1916014.9327895087)",55.15113107132739,0.055151131071327394
"LINESTRING (692514.1940044177 1915996.586193146, 692573.7941881525 1915965.6353103255)",67.15756881084396,0.06715756881084395
"LINESTRING (692617.5528585473 1915942.9110602494, 692688.3022539959 1915906.170296867)",79.72051586807797,0.07972051586807796
"LINESTRING (692692.0492546211 1915904.224447542, 692781.9745420694 1915857.52548019)",101.32793728479858,0.10132793728479858
"LINESTRING (692787.2993757855 1915854.760248708, 692821.8381711532 1915836.8239582272)",38.918362011610576,0.03891836201161058
"LINESTRING (692868.4832671063 1915812.600762785, 692904.5583597266 1915793.8666600615)",40.649463863732514,0.04064946386373251
"LINESTRING (692949.4997587005 1915770.528208965, 692992.2578227055 1915748.3235823058)",48.179845190012024,0.048179845190012026
"LINESTRING (693159.0837616905 1915661.6894519157, 693174.7172892115 1915653.570827978)",17.615880261559653,0.017615880261559653
"LINESTRING (693223.1126699612 1915628.4386947397, 693307.9002051505 1915584.407805876)",95.53871098981989,0.09553871098981989
"LINESTRING (693316.5516039656 1915579.9150608175, 693349.3550118642 1915562.8799718234)",36.9629250303665,0.0369629250303665
"LINESTRING (693398.02518431 1915537.6051369181, 693430.955451052 1915520.5041690466)",37.10586974916307,0.03710586974916307
"MULTILINESTRING ((693506.7004486497 1915481.169146938, 693546.6353721604 1915460.4306011724), (693590.8034210888 1915437.4937573385, 693644.1377844285 1915409.7967683934))",105.09596039948715,0.10509596039948715
"MULTILINESTRING ((693644.1377844285 1915409.7967683934, 693692.993132126 1915384.4257704034), (693709.9826658198 1915375.6029609155, 693744.1576554345 1915357.8555978592), (693761.7816491531 1915348.7033078792, 693815.3756699918 1915320.871476584, 694126.879884389 1915312.427659704), (694153.7038186487 1915311.700554328, 694258.8009077582 1915308.8517306715), (694262.8188922415 1915308.7428168152, 694374.9533760351 1915305.7032333896))",682.8785147168524,0.6828785147168523
"MULTILINESTRING ((693692.993132126 1915384.4257704034, 693709.9826658198 1915375.6029609155), (693744.1576554345 1915357.8555978592, 693761.7816491531 1915348.7033078792), (694374.9533760351 1915305.7032333896, 694774.4858946268 1915294.8732693994), (695084.8228589958 1915201.885096713, 695192.3809742908 1915113.4748012398), (695932.4947203626 1914505.11833465, 696006.186554731 1914444.5453427136))",673.3040167650939,0.6733040167650939
"LINESTRING (694775.0959280861 1915294.8567334728, 694783.8289732318 1915294.6200104025)",8.736252934167673,0.008736252934167674
"MULTILINESTRING ((694834.5526675746 1915293.24506404, 694900.834788164 1915291.4483818032), (695044.9619452812 1915234.6498504432, 695057.7300171398 1915224.1547892147))",82.83432142469997,0.08283432142469996
"LINESTRING (694900.834788164 1915291.4483818032, 694978.4206124058 1915289.3452947112, 695044.9619452812 1915234.6498504432)",163.74991706182942,0.16374991706182943
"LINESTRING (695323.4169733985 1915005.7662255832, 695366.9276426443 1914970.0014568001)",56.32314821024589,0.05632314821024589
"LINESTRING (695426.2007235384 1914921.2803483922, 695447.3762004493 1914903.8745936954)",27.410967129406806,0.027410967129406806
"MULTILINESTRING ((695523.6076430433 1914841.214102243, 695590.4773526596 1914786.2487398512), (695614.9089473988 1914766.1665312345, 695893.5447302279 1914537.1343301614))",447.2456387311506,0.44724563873115064
"MULTILINESTRING ((697625.7085477916 1911718.6536053887, 697675.3016634329 1911591.8456023904), (697682.9519340124 1911572.284106363, 697688.9308067064 1911556.996321018))",152.57607595052409,0.15257607595052408
"LINESTRING (697691.1838625934 1911551.235329518, 697708.5115037643 1911506.9291078753)",47.57403099177665,0.04757403099177665
"LINESTRING (697716.0812179104 1911487.5735920598, 697743.2373655102 1911418.1361953218)",74.55875815898389,0.0745587581589839
"LINESTRING (698077.6426835611 1910563.0725433251, 698104.0547536557 1910495.5377288566, 698110.3962617378 1910488.7471833853)",81.80704189042159,0.08180704189042158
"MULTILINESTRING ((698261.3389255487 1910327.1163837577, 698381.2353282571 1910198.7302074903), (698390.9068953146 1910188.3738040875, 698515.5925929866 1910054.859206504))",358.3467861865737,0.3583467861865737
"LINESTRING (698525.178358259 1910044.5946804455, 698652.6880986701 1909908.0560717934)",186.81949992531008,0.18681949992531008
"MULTILINESTRING ((698660.7168391446 1909899.4588222806, 698880.0001121574 1909664.6482666219), (698889.3835673716 1909654.6003760437, 699043.2848494094 1909489.801460671))",546.767264442868,0.546767264442868
"MULTILINESTRING ((699051.9230325588 1909480.5516143087, 699138.1490943326 1909388.2199503419), (699143.5601708932 1909382.4257195443, 699212.6473034353 1909308.4465794202))",227.55542596469456,0.22755542596469455
"MULTILINESTRING ((701370.5310807424 1906833.8758948266, 701373.4733607075 1906810.4606786533), (701399.7778415957 1906601.1246828898, 701438.3248438359 1906294.3604045166), (701552.7284684918 1905383.914888102, 701590.488532486 1905083.4132119839), (702474.4543828698 1902404.1015929529, 702479.571897316 1902392.9510297913, 702482.2815039261 1902390.8189377314), (703460.3785266245 1901621.1895427941, 703525.1870752556 1901570.194025057), (704815.0343881649 1900555.259530872, 704902.3072891274 1900486.5876216406), (704908.715501088 1900480.1819438532, 704931.384564632 1900436.9587880902), (705341.7449077489 1899654.5237750588, 705358.9974135578 1899621.6283824267), (705526.4789677273 1897692.565843443, 705528.702317952 1897660.8392630143), (705688.2382851145 1897333.72610268, 705770.5843511766 1897190.0507409312))",1128.2319377838992,1.1282319377838992
"MULTILINESTRING ((703072.8276756813 1901926.1393790548, 703083.8345426448 1901917.4784710214), (703114.2312210132 1901893.5604172517, 703122.1059633787 1901887.3640654979), (703157.058277741 1901859.8613454916, 703165.499099592 1901853.219566135), (703275.5423478021 1901766.6304890073, 703279.5756957082 1901763.4567924961), (703359.0489788945 1901700.9221221793, 703367.451883004 1901694.3101789309), (703396.6898744949 1901671.3038542226, 703410.852528341 1901660.1597709085))",68.61275720790115,0.06861275720790115
"LINESTRING (705520.2613352122 1897781.2897052409, 705520.8635229118 1897772.6966566625)",8.61412293246785,0.008614122932467851
"MULTILINESTRING ((705988.614648534 1896809.6369173815, 705999.3650958538 1896790.8798050932), (706089.1329315981 1896634.2551247568, 706090.8794604657 1896631.2078247597), (706096.5503423818 1896621.313411466, 706099.5641860713 1896616.054932184), (706202.2618578043 1896436.8705965797, 706204.6148321807 1896432.7651855883))",35.92461871110484,0.03592461871110484
"MULTILINESTRING ((705999.3650958538 1896790.8798050932, 706089.1329315981 1896634.2551247568), (706099.5641860713 1896616.054932184, 706140.2814671752 1896545.0124359026))",262.40943014307305,0.26240943014307305
"MULTILINESTRING ((706204.6148321807 1896432.7651855883, 706379.2156093033 1896128.1261054925), (706385.6774209492 1896116.8516977376, 706578.8545569272 1895779.8010501422))",739.6122632765996,0.7396122632765996
"LINESTRING (706584.001199775 1895770.8213160965, 706603.8868549707 1895736.1253210055)",39.99064087903601,0.039990640879036005
"MULTILINESTRING ((706603.8868549707 1895736.1253210055, 706657.4812801549 1895642.6151049833), (706817.8330560412 1894534.3379828292, 706824.3332309909 1894292.42055361), (706759.7297075797 1893180.577445812, 706758.3547650591 1893164.6059323433, 706766.6060681777 1893151.5150407783), (707298.2458983534 1892308.0556176577, 707323.3461235627 1892268.2335045023), (710505.3067139125 1890175.448159965, 711043.6477992599 1889834.3894961367), (711243.9777156408 1889703.3535796737, 711296.6307662685 1889656.7779913708), (711933.7517713935 1889093.1964841252, 711962.1331690958 1889068.0910006044), (711992.1612266504 1889041.5289224433, 712017.4321461348 1889019.17489114), (712123.2949321192 1888797.866937203, 712122.94438857 1888771.96468015), (712122.6617119596 1888751.0772262423, 712122.2999742861 1888724.3478163735), (712102.8452047849 1887286.8019202405, 712098.3242431806 1886952.740403838, 711966.9031063311 1886112.4544925625), (711988.2908374154 1885527.288385164, 711995.0759171214 1885506.847210527), (712041.0655438448 1885475.1216076352, 712056.0245628983 1885478.5918123757), (712447.5901426555 1885569.427496602, 712475.9665621468 1885576.0102802115), (712576.7883015999 1885599.398984841, 712587.017542744 1885601.771972066), (712640.5640696124 1885614.1937365353, 712679.523325621 1885623.231534696))",2561.3230332814946,2.5613230332814947
"MULTILINESTRING ((706694.0461290983 1895578.8176687432, 706759.2458305935 1895465.0588561343), (706794.7790767577 1895392.33941274, 706795.0353953646 1895382.7999866614), (706797.9829661223 1895273.100056171, 706798.2626278548 1895262.6918674859))",151.0733427181575,0.1510733427181575
"MULTILINESTRING ((706657.4812801549 1895642.6151049833, 706694.0461290983 1895578.8176687432), (706759.2458305935 1895465.0588561343, 706794.4768148466 1895403.5887137295, 706794.7790767577 1895392.33941274))",155.63690555959522,0.15563690555959522
"LINESTRING (706795.0353953646 1895382.7999866614, 706797.9829661223 1895273.100056171)",109.73952306704956,0.10973952306704957
"LINESTRING (706798.2626278548 1895262.6918674859, 706804.8153032382 1895018.8205262462)",243.95935856759291,0.2439593585675929
"LINESTRING (706804.8153032382 1895018.8205262462, 706807.2773942653 1894927.1887261246)",91.66487160169632,0.09166487160169631
"LINESTRING (706810.3003777474 1894814.6821554196, 706817.8330560412 1894534.3379828292)",280.44535358547154,0.2804453535854715
"LINESTRING (706824.3332309909 1894292.42055361, 706830.7018173273 1894055.4004662747)",237.10563192876202,0.23710563192876202
"LINESTRING (706830.8180015009 1894051.0764324132, 706831.7339357855 1894016.9880472268, 706828.9741911618 1893984.9304900817)",66.27681544928745,0.06627681544928746
"LINESTRING (706828.71150561 1893981.8791001034, 706804.0236730119 1893695.101984014)",287.8378074383609,0.2878378074383609
"LINESTRING (706799.7445855908 1893645.3955407597, 706796.5862667621 1893608.708093137)",36.82314205616273,0.03682314205616273
"MULTILINESTRING ((706830.7018173273 1894055.4004662747, 706830.8180015009 1894051.0764324132), (706828.9741911618 1893984.9304900817, 706828.71150561 1893981.8791001034), (706796.5862667621 1893608.708093137, 706796.2419005025 1893604.7078892945), (706788.743788169 1893517.6088285504, 706788.3378110547 1893512.8929449024), (706783.3315887531 1893454.7400070766, 706782.8921773438 1893449.6357462544), (706795.4703663388 1893105.7211350289, 706797.603648273 1893102.336631748))",25.26045483052449,0.02526045483052449
"MULTILINESTRING ((706788.3378110547 1893512.8929449024, 706783.3315887531 1893454.7400070766), (706782.8921773438 1893449.6357462544, 706767.5830671014 1893271.803104699))",236.85841005179748,0.23685841005179747
"LINESTRING (707142.5613140697 1892555.0529684871, 707158.9325844996 1892529.0795527857)",30.702391090733748,0.03070239109073375
"LINESTRING (707170.9862204049 1892509.9561684753, 707224.2391136481 1892425.4691679443)",99.8695343811486,0.0998695343811486
"LINESTRING (707225.9104847773 1892422.8174973046, 707270.5374115041 1892352.0158008626)",83.69254929891852,0.08369254929891852
"MULTILINESTRING ((711379.4965656394 1889583.4769516422, 711396.6631768249 1889568.291791322), (711841.5988593559 1889174.7126743705, 711856.8176654226 1889161.250494357), (711932.313277485 1889094.4689403125, 711933.7517713935 1889093.1964841252))",45.15806893645169,0.04515806893645169
"MULTILINESTRING ((712065.0185658872 1888977.0811193874, 712070.0807656336 1888972.6032225043), (712124.3754967038 1888877.7116860216, 712124.3281807031 1888874.2154265272))",10.255087383455042,0.010255087383455042
"MULTILINESTRING ((712122.0772064892 1888707.8871262392, 712121.9589138897 1888699.1462855458), (712121.2008848607 1888643.1342356612, 712120.9029458562 1888621.1190175852), (712105.5376945582 1887485.754553617, 712105.0594115491 1887450.41341134))",66.10325364593439,0.06610325364593439
"LINESTRING (712120.8923567153 1888620.336568016, 712119.7801878661 1888538.156526513)",82.18756682741287,0.08218756682741286
"LINESTRING (712119.6869892649 1888531.2699238933, 712119.0538517919 1888484.4863227888)",46.787885134574,0.046787885134574
"LINESTRING (712115.4082477598 1888215.1064612116, 712112.650662833 1888011.3438365974)",203.78128340032865,0.20378128340032864
"MULTILINESTRING ((712115.741379632 1888239.7221399376, 712115.6550954224 1888233.3464534287), (712112.650662833 1888011.3438365974, 712112.3619486348 1887990.0102551032))",27.711805373669293,0.027711805373669293
"LINESTRING (712112.3619486348 1887990.0102551032, 712105.5376945582 1887485.754553617)",504.3018767812564,0.5043018767812564
"LINESTRING (712104.5230002839 1887410.7770736797, 712102.8452047849 1887286.8019202405)",123.98650599163082,0.12398650599163082
"MULTILINESTRING ((711966.9031063311 1886112.4544925625, 711916.5865679067 1885790.7385239156), (711915.7843908558 1885785.609531043, 711911.5444018445 1885758.499713585, 711988.2908374154 1885527.288385164), (712056.0245628983 1885478.5918123757, 712094.461269172 1885487.508389047), (712296.9212567811 1885534.4752126231, 712323.1763811789 1885540.5658965658), (712417.7488117678 1885562.5048817208, 712447.5901426555 1885569.427496602))",693.7257035267239,0.6937257035267239
"MULTILINESTRING ((711995.0759171214 1885506.847210527, 712008.141844835 1885467.4839426272, 712041.0655438448 1885475.1216076352), (712475.9665621468 1885576.0102802115, 712576.7883015999 1885599.398984841))",178.77215961664052,0.17877215961664053
"LINESTRING (712587.017542744 1885601.771972066, 712640.5640696124 1885614.1937365353)",54.96845251772585,0.05496845251772585
"LINESTRING (714191.4614144563 1885973.9720949174, 714809.847707652 1886117.4258226263)",634.8075138228778,0.6348075138228778
"LINESTRING (718670.1327422729 1890022.1432482589, 718724.4819138608 1890079.0168824308)",78.66665568209338,0.07866665568209338
"LINESTRING (722164.5358599918 1893678.8577622026, 722809.3967550249 1894353.6717761857)",933.3914116869296,0.9333914116869296
"LINESTRING (722817.3991915913 1894362.0459176209, 723024.3186134562 1894578.576531766)",299.50150918978903,0.299501509189789
"LINESTRING (727019.3752916508 1895445.3542821517, 727023.32112067 1895446.0363817194)",4.004350942277828,0.004004350942277828
"MULTILINESTRING ((730345.111371271 1896975.6601266374, 730374.7574311811 1896991.630317216), (730383.633420895 1896996.4117703917, 730454.2283634675 1897034.440928067), (730457.1609793961 1897035.156623383, 730590.5783646593 1897056.5147442853))",248.97651693330144,0.24897651693330144
"MULTILINESTRING ((730911.0454782629 1897107.816719242, 731339.2305919778 1897176.362729263), (731342.2020778403 1897176.8384195503, 731535.2669222227 1897207.7452034012), (731637.3396340196 1897224.0855125377, 731695.2597823176 1897233.3576589494))",687.8176691976503,0.6878176691976503
"LINESTRING (731535.2669222227 1897207.7452034012, 731637.3396340196 1897224.0855125377)",103.37235702190551,0.10337235702190552
"LINESTRING (731695.2597823176 1897233.3576589494, 731782.238451316 1897247.2816383822)",88.08612866955032,0.08808612866955032
"LINESTRING (731790.1433497143 1897248.5470939702, 731947.0713006561 1897273.6689035646)",158.92604287549062,0.15892604287549061
"LINESTRING (741590.7341907356 1900666.7888570912, 741658.7716994872 1900693.3506236533)",73.03855173826373,0.07303855173826374
"LINESTRING (741787.9335952599 1900743.749897827, 741800.2517642145 1900748.4925106668)",13.199608438992248,0.013199608438992249
"LINESTRING (741809.8331315946 1900752.1814287298, 741954.3210024076 1900807.8106406566)",154.826851778605,0.154826851778605
"LINESTRING (741959.3486845271 1900809.7463463496, 741995.427206541 1900823.6369223255)",38.660158453444964,0.03866015845344496
"MULTILINESTRING ((742037.3201291149 1900839.766098117, 742087.8862993425 1900859.2345571932), (742190.5845374665 1900898.7743609217, 742245.4187008252 1900919.8860381658), (742723.7845656971 1901104.06147051, 742905.2123643446 1901173.9129078905))",307.3524197249586,0.30735241972495864
"MULTILINESTRING ((742152.1785830145 1900883.987701201, 742190.5845374665 1900898.7743609217), (742245.4187008252 1900919.8860381658, 742312.2019766528 1900945.5982379739))",112.71615585154117,0.11271615585154117
"MULTILINESTRING ((742312.2019766528 1900945.5982379739, 742390.6350539309 1900975.7957227414), (742555.8391051403 1901039.400862219, 742563.8830018325 1901042.4978393652), (742645.8574230168 1901074.0587754005, 742651.5588869505 1901076.2538935351), (742697.335780652 1901093.8784353514, 742703.5119738716 1901096.2563288007))",105.39249979265425,0.10539249979265425
"LINESTRING (742390.6350539309 1900975.7957227414, 742555.8391051403 1901039.400862219)",177.02540016608432,0.1770254001660843
"LINESTRING (742563.8830018325 1901042.4978393652, 742645.8574230168 1901074.0587754005)",87.84018677077749,0.0878401867707775
"MULTILINESTRING ((742703.5119738716 1901096.2563288007, 742723.7845656971 1901104.06147051), (742905.2123643446 1901173.9129078905, 742921.080408555 1901180.0222566496))",38.72671710934476,0.03872671710934476
"LINESTRING (742925.0336332408 1901181.5442859563, 743138.3099231758 1901263.6576970336)",228.5374982955394,0.2285374982955394
"LINESTRING (743138.3099231758 1901263.6576970336, 743261.5816620468 1901311.1184952834)",132.0925772887698,0.1320925772887698
"LINESTRING (743261.5816620468 1901311.1184952834, 743381.3200472199 1901357.2189185722)",128.30639076541473,0.12830639076541472
"MULTILINESTRING ((743381.3200472199 1901357.2189185722, 743385.2583569267 1901358.7352054692), (743458.5939338724 1901386.970103864, 743464.4688089861 1901389.2319869613))",10.51537754092929,0.01051537754092929
"LINESTRING (743464.4688089861 1901389.2319869613, 743543.2232655295 1901419.553205819)",84.38981418667547,0.08438981418667546
"LINESTRING (750495.0308623281 1902286.3497382514, 750809.1099909202 1902412.7530012236)",338.56090132668726,0.33856090132668726
"LINESTRING (750818.5441633379 1902416.5498475228, 750958.281461578 1902472.7880653746)",150.62951127380708,0.15062951127380708
"MULTILINESTRING ((750809.1099909202 1902412.7530012236, 750818.4063687559 1902416.494391164), (751390.1051459195 1902646.5784186977, 751404.7331264521 1902652.4655480918), (751581.4414148942 1902723.5829902263, 751588.5832490126 1902726.457269521), (752471.1397096971 1903081.6480677372, 752496.90385417 1903092.0170213943), (752781.3097431763 1903206.4780890243, 752788.1007989057 1903209.2111951911), (753145.1040192586 1903352.889548307, 753168.3172441314 1903362.2318671716))",93.60318375757353,0.09360318375757354
"LINESTRING (757836.7908826629 1905069.8924798688, 758055.2226006091 1905126.0203505324)",225.52772173315677,0.22552772173315677
"MULTILINESTRING ((758055.2226006091 1905126.0203505324, 758279.233684258 1905183.5818862307), (759760.4042291522 1905564.181139654, 760449.0003858068 1905741.1217249474), (763947.4753497918 1906472.0530476146, 764098.5269595422 1906475.2104947956), (764741.5496580766 1906488.6516637453, 765081.3176825725 1906495.7538693617), (769204.3187942805 1907431.0324753155, 769326.0674494823 1907481.2527175471))",1564.880868264781,1.564880868264781
"LINESTRING (758279.233684258 1905183.5818862307, 758909.9921253932 1905345.6605831196)",651.2493493652123,0.6512493493652123
"MULTILINESTRING ((772604.2997035182 1908833.4944948077, 772833.8600138945 1908928.1860901664), (772878.208000908 1908946.4792421248, 772910.158351067 1908959.6584786568), (773245.7429159624 1909051.5118895986, 773364.9700737509 1909051.9849468789), (774773.9552988582 1909057.575373851, 775173.8545675514 1909059.1620531278))",802.0155457614784,0.8020155457614784
"MULTILINESTRING ((773883.8771381036 1909054.0438130735, 774773.9552988582 1909057.575373851), (775445.4376627189 1909060.2396126604, 775644.3710796827 1909061.0289202556))",1089.0201496337286,1.0890201496337286
"LINESTRING (775173.8545675514 1909059.1620531278, 775367.7786273184 1909059.9314851097)",193.92558619766143,0.19392558619766143
"LINESTRING (775644.3710796827 1909061.0289202556, 775667.3408281469 1909061.1200572662)",22.969929265507297,0.022969929265507297
"LINESTRING (775667.3408281469 1909061.1200572662, 776380.4508980142 1909063.949462215)",713.1156829565357,0.7131156829565357
"MULTILINESTRING ((776444.8104935895 1909064.2048216132, 776875.5355889025 1909065.913808441), (777840.3336526273 1909069.7418351811, 778275.79534596 1909071.4696153966), (778278.3299441756 1909071.7850719632, 778439.4149204538 1909152.7687704223), (786792.7695051504 1912556.8463839684, 786977.470458781 1912599.7195268993, 787037.085726142 1912647.6232326715), (787329.8718529616 1912882.890825928, 787434.8344219964 1912967.2332477055), (788865.0325188215 1913924.9057412457, 788919.930072509 1913921.714752984))",1502.219313369801,1.502219313369801
"LINESTRING (779948.4740112361 1909911.4316152676, 780136.5034350981 1910005.9613381214)",210.45411077166014,0.21045411077166015
"MULTILINESTRING ((791223.4592292932 1913787.8192693766, 791293.0851229078 1913783.7721781256), (792887.327574574 1913691.104862227, 793021.0965541552 1913683.3293747061), (799223.0378481748 1913119.502928825, 799275.7911800441 1913130.2862108864), (800519.3041893623 1913374.9687658327, 800645.6922033599 1913364.3150715977), (803552.0644677051 1913371.3782668477, 803613.2662729098 1913380.2649799464), (803858.8793066138 1913415.92883915, 804137.1676494158 1913456.3372658768), (804301.4992581435 1913480.1987819697, 804317.2657920034 1913482.4881370387), (805142.3994547757 1914092.1637493444, 805236.7999140159 1914162.1819933625), (805330.5692790396 1914231.7321452843, 805397.1486385604 1914281.1150601453), (806197.621180519 1914874.837614291, 806219.5650690009 1914891.113727255), (806466.0208733326 1915073.9137134654, 806490.3756983575 1915091.9780544161), (806978.1521676921 1915453.7692165675, 806993.9912590454 1915465.5173094512), (808988.3789267802 1917130.0442151476, 809005.5761476532 1917172.8891917462), (809025.2627471891 1917221.9361803648, 809124.679814324 1917469.6228238263), (809258.8523426859 1917827.9056451083, 809259.837644572 1917864.1240675373), (809277.7889631653 1918523.9913114419, 809278.8835483859 1918564.226847848), (809285.7469411008 1918816.5162833608, 809294.4635129814 1919136.9261871374, 809294.8558741356 1919140.499420885), (809525.48970151 1920096.1275256202, 809528.7876164665 1920103.3527590663, 809611.8148026974 1920199.1770826762), (809969.984651256 1920720.96127948, 809996.1555346298 1920772.221015421), (810006.0201675885 1920903.2702831668, 809994.7559924766 1920996.7127675992), (810077.6872008834 1921948.068453381, 810099.4796472706 1921962.6573483052), (814909.3269406125 1925179.8653540874, 815033.0098518884 1925255.072294946))",2192.2437685705654,2.1922437685705654
"LINESTRING (793277.0807537332 1913668.4499762417, 793622.7357277536 1913648.358353016)",346.2384068657202,0.3462384068657202
"LINESTRING (803321.6428777912 1913337.9202576526, 803405.3102874081 1913350.0690539584)",84.54483238895338,0.08454483238895338
"LINESTRING (809278.8835483859 1918564.226847848, 809285.7469411008 1918816.5162833608)",252.38277562256917,0.25238277562256917
"LINESTRING (809299.3367842368 1919181.3070773557, 809341.3050539986 1919563.5121866812)",384.50238134671065,0.38450238134671066
"LINESTRING (814303.6895473386 1924777.1544167202, 814346.5277211965 1924805.8323175872)",51.5512476824797,0.0515512476824797
"MULTILINESTRING ((815084.9605543002 1925286.661569192, 815167.4021261054 1925336.7911978618), (817126.290577182 1925803.4441656382, 817192.8589755909 1925809.7701778603), (819783.6612651442 1927317.0078340569, 819849.5480446653 1927357.3871439288, 819882.8681154309 1927369.2868662712), (820401.49354047 1927554.5055172462, 820574.4200846776 1927616.2634251495), (822161.5017996636 1928183.0638943217, 822439.9470295851 1928282.5060877942), (823669.9067288188 1929015.699448907, 823786.7610797494 1929138.1498379984), (823963.4862574595 1929323.3382079694, 824041.0124207928 1929404.5770218375, 824091.8306382768 1929432.4406048285), (828657.5317544204 1931173.230377202, 828712.1261547954 1931184.5555536756), (832033.1016318467 1932104.0207241997, 832492.97836424 1932130.8107847257), (832763.3307401437 1932109.8258000887, 832893.1751518141 1932049.1699397843), (833779.3884279913 1931692.3004020976, 834283.2292088014 1931713.4094780732), (839585.6109147165 1933018.0711041638, 840349.7567351791 1933136.5966183904), (846583.3870644479 1934711.4910411073, 846823.4954238367 1934805.3949056638), (848511.0556727306 1935209.11046776, 848992.5350849498 1935071.2900878985), (850627.5853756687 1935611.030470544, 851053.9329352651 1935765.0873053803, 851247.9204142473 1935801.9102229367), (853022.0286154724 1936429.2589426727, 853109.2570487714 1936472.122576808, 853227.2584755867 1936474.1846973533), (853495.3356397083 1936478.8694494176, 853777.6927637835 1936483.8037493017), (854548.1732225078 1936720.2590528675, 854590.4114256876 1936736.2291708097, 854626.885142344 1936717.2537535839), (854929.9288949466 1936559.5955226596, 855046.3107587504 1936499.0479660728), (855558.745846424 1936123.9285614407, 855599.1586300994 1936093.4722730604, 855762.5082240093 1936096.3461687572), (855911.6270125172 1936098.9696943772, 856378.2065736866 1936107.1784750728, 856489.5467759719 1936112.8276116014), (857235.6306308149 1936100.7812340604, 857507.4056733266 1936069.6362497448, 858002.1155926924 1936025.6777231973), (858060.067645906 1936020.528267385, 858180.0498943625 1936009.866983575, 858257.361173746 1935946.6552994915), (858554.8479456593 1935703.42248799, 858776.096466363 1935522.5240252274, 859303.9226756501 1935175.5881716236, 859348.4629473068 1935109.5376803025), (859508.7098507514 1934871.9013500444, 859520.0387735164 1934855.101252359, 859672.4250147127 1934568.1263663892), (859804.1574331066 1934274.9505602645, 859811.2317868122 1934257.3042083685, 859818.6394620286 1934251.279812059), (860000.4524950454 1934103.4177995992, 860023.2706890452 1934084.860581618, 860038.9771058653 1934085.1400027093), (860400.187278738 1934091.566022206, 860717.4815366938 1934097.210766571), (860738.4821790021 1934092.02979042, 861143.3099628646 1933858.6056887496), (861370.3864747918 1933727.6731467652, 861470.1347874154 1933670.1581707792, 862019.3835506644 1933602.307474052, 862093.3417267079 1933598.1334703926), (862665.1113051561 1933565.864309083, 862704.3217902894 1933563.6513731077, 862743.1248549464 1933574.0216569502), (864049.4949376069 1933919.6950084725, 864228.1853396774 1933940.9637009883), (864228.6465746433 1933941.0185996543, 864405.7720824725 1933962.1010300426))",10320.250818985243,10.320250818985244
"MULTILINESTRING ((815866.2069340113 1925683.6980891523, 815965.0732608371 1925693.0933819157), (815984.6459483079 1925694.953379499, 816053.1626996712 1925701.4645442092))",168.1371768926068,0.1681371768926068
"MULTILINESTRING ((825118.6276942719 1929995.4325081506, 825249.3301035275 1930067.0965217217), (825279.6809512255 1930083.737864247, 825312.2894449491 1930101.6170720602))",186.24832758390946,0.18624832758390947
"LINESTRING (825362.9337562479 1930129.385302446, 825433.3252844013 1930167.9809140926)",80.27819426312075,0.08027819426312076
"LINESTRING (827425.3048248925 1930917.6146485407, 827795.2003483969 1930994.3465487317)",377.77041019046436,0.37777041019046437
"LINESTRING (831709.9740232928 1932085.1969664816, 832033.1016318467 1932104.0207241997)",323.6754319753635,0.32367543197536347
"LINESTRING (832492.97836424 1932130.8107847257, 832582.3537432278 1932136.0173360554)",89.52690403422352,0.08952690403422352
"LINESTRING (836203.6421354358 1932193.4302825497, 836926.5810697493 1932211.7990888068)",723.1722587251439,0.7231722587251439
"LINESTRING (837397.3370942128 1932399.655613031, 837675.2888977318 1932527.8773668902)",306.10132839015165,0.30610132839015164
"LINESTRING (838080.0032225474 1932714.5758516015, 838308.4895508335 1932819.978721361, 839216.3883645072 1932960.8015471552)",1170.3815574278563,1.1703815574278562
"LINESTRING (842897.3106290473 1933269.9051537346, 843236.3476888745 1933402.4989968925)",364.04293040738406,0.36404293040738406
"LINESTRING (843863.4614332424 1933647.7566141724, 843982.7058701436 1933694.3918645252)",128.03937795594985,0.12803937795594986
"LINESTRING (845087.0750283628 1934126.2990755772, 845187.7277781005 1934165.6633118023)",108.07645036433122,0.10807645036433122
"LINESTRING (849114.2003727354 1935064.1824865628, 849547.3339016493 1935220.6913700406)",460.54281503129465,0.46054281503129463
"MULTILINESTRING ((850271.5613947028 1935482.3844248499, 850627.5853756687 1935611.030470544), (851247.9204142473 1935801.9102229367, 851675.5009772393 1935883.0740377477))",813.7693654458853,0.8137693654458853
"LINESTRING (851675.5009772393 1935883.0740377477, 852058.4659692437 1935955.7688755875, 853022.0286154724 1936429.2589426727)",1463.4168826829655,1.4634168826829654
"MULTILINESTRING ((853227.2584755867 1936474.1846973533, 853495.3356397083 1936478.8694494176), (853777.6927637835 1936483.8037493017, 853929.82106697 1936486.4622502027, 854148.2478798793 1936569.0486696356))",653.7879101663394,0.6537879101663394
"MULTILINESTRING ((855046.3107587504 1936499.0479660728, 855093.731411742 1936474.3774153825, 855558.745846424 1936123.9285614407), (855762.5082240093 1936096.3461687572, 855765.0263511415 1936096.3904714982))",638.2551700394368,0.6382551700394369
"LINESTRING (855765.0263511415 1936096.3904714982, 855911.6270125172 1936098.9696943772)",146.62334843552298,0.146623348435523
"LINESTRING (856517.0798810254 1936114.2245757377, 856933.8155993877 1936135.3687529627, 857235.6306308149 1936100.7812340604)",721.0621803309566,0.7210621803309566
"LINESTRING (858257.361173746 1935946.6552994915, 858554.8479456593 1935703.42248799)",384.26628794931804,0.38426628794931805
"MULTILINESTRING ((858002.1155926924 1936025.6777231973, 858060.067645906 1936020.528267385), (859348.4629473068 1935109.5376803025, 859508.7098507514 1934871.9013500444))",344.7987660403565,0.3447987660403565
"MULTILINESTRING ((859995.7725478339 1934107.223832651, 860000.4524950454 1934103.4177995992), (860038.9771058653 1934085.1400027093, 860400.187278738 1934091.566022206))",367.2995581618395,0.3672995581618395
"MULTILINESTRING ((862093.3417267079 1933598.1334703926, 862665.1113051561 1933565.864309083), (862743.1248549464 1933574.0216569502, 863167.4561266998 1933687.425991641))",1011.9032757824419,1.011903275782442
"LINESTRING (863167.4561266998 1933687.425991641, 863936.6790711993 1933893.0040907739)",796.2200030064228,0.7962200030064227
"MULTILINESTRING ((863936.6790711993 1933893.0040907739, 864026.1553427558 1933916.9170043909, 864049.4949376069 1933919.6950084725), (864405.7720824725 1933962.1010300426, 864433.029280192 1933965.3453282837, 864485.3648312568 1933962.1873906553))",196.0012537810689,0.1960012537810689
"MULTILINESTRING ((864519.3193465511 1933960.138568405, 864841.2187571216 1933940.7150935298, 865762.4781827371 1933893.162424868), (865877.2745581258 1933887.2369777565, 865998.7808943535 1933880.965182444))",1366.6388534077985,1.3666388534077984
"MULTILINESTRING ((865762.4781827371 1933893.162424868, 865877.2745581258 1933887.2369777565), (865998.7808943535 1933880.965182444, 866021.7252619423 1933879.780862502, 866308.7753647993 1933790.3423515884), (866316.8061825838 1933783.7706071362, 866487.8903091464 1933559.2943573014, 866634.9402015972 1932821.4432670136), (866699.7682915103 1932532.2202150384, 866707.3624214621 1932503.6806263688), (866729.677584326 1932419.8177515867, 866798.1598697552 1932162.4536730556, 866986.6391712546 1931681.6280937851, 867062.4390291311 1931615.4721985639), (867204.4298674912 1931491.5467547954, 867258.4167969162 1931444.4285444662, 867345.21937566 1931429.609905599), (867506.028947612 1931402.1570463907, 867692.5171098677 1931370.3204262177), (867694.0656442621 1931369.9771893197, 867995.3663152991 1931188.252983896, 868051.8909271342 1931047.24581687), (868058.6107343682 1931030.4824822752, 868082.6325816913 1930970.5572120647, 868074.5147090068 1930907.7235313244), (868072.638767928 1930893.2034362932, 868059.5604242253 1930791.9748872914, 867864.6115903293 1930418.4085208832, 867814.1569410356 1930298.7186869755, 867816.6391939269 1930161.714983573, 867947.0847643305 1929739.2274250383, 867940.4031423635 1929658.5128180482), (867937.1246864765 1929618.9087698457, 867925.4968695056 1929478.4436729571, 867795.2468039601 1929115.829071536), (867775.4953542055 1929048.183140381, 867779.4534645175 1928891.8802127051), (867779.7870276222 1928878.708045754, 867780.4389959172 1928852.9622869864))",5388.557364038859,5.388557364038859
"LINESTRING (866308.7753647993 1933790.3423515884, 866312.7387108335 1933789.107459965, 866316.8061825838 1933783.7706071362)",10.861438953372655,0.010861438953372654
"LINESTRING (866634.9402015972 1932821.4432670136, 866671.136260997 1932639.822584079, 866699.7682915103 1932532.2202150384)",296.53899535857863,0.29653899535857864
"LINESTRING (866707.3624214621 1932503.6806263688, 866729.677584326 1932419.8177515867)",86.78103629466032,0.08678103629466033
"LINESTRING (867062.4390291311 1931615.4721985639, 867174.2620555109 1931517.8763372556)",148.42284653395694,0.14842284653395693
"MULTILINESTRING ((867345.21937566 1931429.609905599, 867506.028947612 1931402.1570463907), (867692.5171098677 1931370.3204262177, 867693.8832355675 1931370.0872059185, 867694.0656442621 1931369.9771893197))",164.73497958014298,0.16473497958014297
"MULTILINESTRING ((868051.8909271342 1931047.24581687, 868058.6107343682 1931030.4824822752), (868074.5147090068 1930907.7235313244, 868072.638767928 1930893.2034362932), (867940.4031423635 1929658.5128180482, 867937.1246864765 1929618.9087698457))",72.44033310929458,0.07244033310929458
"LINESTRING (867795.2468039601 1929115.829071536, 867785.3386948607 1929088.245016074)",29.30956740812406,0.02930956740812406
"MULTILINESTRING ((867780.4389959172 1928852.9622869864, 867790.4156356261 1928458.9919647963), (867793.4754132067 1928433.0035551526, 867845.579711962 1928079.1013170443, 867879.0619662917 1927894.4772364814))",939.4494866075732,0.9394494866075732
"MULTILINESTRING ((867884.4050908379 1927865.0147801323, 867894.299796208 1927810.454508789, 867971.3291318341 1927687.8121397076), (868048.6670406463 1927564.6784753778, 868060.6966885236 1927545.525453962))",222.8940608981926,0.2228940608981926
"LINESTRING (867971.3291318341 1927687.8121397076, 868048.6670406463 1927564.6784753778)",145.40650408672565,0.14540650408672565
"MULTILINESTRING ((868073.3809707934 1927525.3301554434, 868115.5856645505 1927458.133890713, 868447.5269868323 1927050.7150199062, 868472.4514712152 1926933.795235399), (868477.4794288971 1926910.2092819386, 868505.6115652294 1926778.2425271948))",859.3535808759741,0.8593535808759741
"LINESTRING (868505.6115652294 1926778.2425271948, 868529.0158531257 1926668.453925138, 868498.7779186966 1926400.6604364866)",381.75074405985237,0.3817507440598524
